Book Id,Title,Author,Author l-f,Additional Authors,ISBN,ISBN13,My Rating,Average Rating,Publisher,Binding,Number of Pages,Year Published,Original Publication Year,Date Read,Date Added,Bookshelves,Bookshelves with positions,Exclusive Shelf,My Review,Spoiler,Private Notes,Read Count,Owned Copies
22822858,A Little Life,Hanya Yanagihara,"Yanagihara, Hanya",,,,0,4.33,Doubleday,Hardcover,720,2015,2015,,11/15/2021,currently-reading,currently-reading (#1),currently-reading,,,,1,0
60190659,"What If? 2: Additional Serious Scientific Answers to Absurd Hypothetical Questions (What If?, #2)",Randall Munroe,"Munroe, Randall",,0525537112,9780525537113,5,4.51,Riverhead Books,Hardcover,354,2022,2022,10/21/2022,5/6/2022,,,read,,,,1,0
509784,The End of Eternity,Isaac Asimov,"Asimov, Isaac",Apostol András,0449016196,9780449016190,0,4.24,Fawcett Crest,Mass Market Paperback,192,1971,1955,,7/25/2021,"to-read, up-next","to-read (#132), up-next (#7)",to-read,,,,0,0
52050531,Talking to Strangers: What We Should Know About the People We Don’t Know,Malcolm Gladwell,"Gladwell, Malcolm",,0954425103,9780954425104,0,4.02,DJB Exhibitions,Paperback,140,2019,2019,,10/7/2019,"to-read, up-next","to-read (#17), up-next (#6)",to-read,,,,0,0
68494,"Perdido Street Station (New Crobuzon, #1)",China Miéville,"Miéville, China",,0345459407,9780345459404,0,3.97,Ballantine Del Rey,Mass Market Paperback,710,2003,2000,,3/9/2021,"to-read, up-next","to-read (#86), up-next (#5)",to-read,,,,0,0
30319086,If We Were Villains,M.L. Rio,"Rio, M.L.",,125009528X,9781250095282,0,4.23,Flatiron Books,Hardcover,354,2017,2017,,12/13/2021,"to-read, up-next","to-read (#173), up-next (#4)",to-read,,,,0,0
48727813,"She Who Became the Sun (The Radiant Emperor, #1)",Shelley Parker-Chan,"Parker-Chan, Shelley",,,,0,3.91,Tor Books,Kindle Edition,416,2021,2021,,7/25/2022,"to-read, up-next","to-read (#233), up-next (#3)",to-read,,,,0,0
159069,"A Wrinkle in Time (Time Quintet, #1)",Madeleine L'Engle,"L'Engle, Madeleine",Anna Quindlen,0312367546,9780312367541,0,3.99,Square Fish,Paperback,247,2007,1962,,8/14/2022,"to-read, up-next","to-read (#239), up-next (#2)",to-read,,,,0,0
40265832,How to Be an Antiracist,Ibram X. Kendi,"Kendi, Ibram X.",,0525509283,9780525509288,0,4.39,One World,Hardcover,305,2019,2019,,10/12/2022,"to-read, up-next","to-read (#246), up-next (#1)",to-read,,,,0,0
20170404,Station Eleven,Emily St. John Mandel,"Mandel, Emily St. John",,0385353308,9780385353304,5,4.07,Knopf,Hardcover,333,2014,2014,10/18/2022,4/3/2021,,,read,,,,1,0
693208,The Absolutely True Diary of a Part-Time Indian,Sherman Alexie,"Alexie, Sherman",Ellen Forney,0316013684,9780316013680,4,4.08,"Little, Brown Books for Young Readers",Hardcover,230,2007,2007,10/12/2022,2/1/2022,,,read,,,,1,0
1199688,Babel-17,Samuel R. Delany,"Delany, Samuel R.",,0839823282,9780839823285,0,3.74,Gregg Press,Hardcover,192,1978,1966,,10/12/2022,to-read,to-read (#248),to-read,,,,0,0
6792458,The New Jim Crow: Mass Incarceration in the Age of Colorblindness,Michelle Alexander,"Alexander, Michelle",,,,0,4.52,The New Press Inc.,Hardcover,290,2010,2010,,10/12/2022,to-read,to-read (#247),to-read,,,,0,0
89724,We Have Always Lived in the Castle,Shirley Jackson,"Jackson, Shirley",Jonathan Lethem,0143039970,9780143039976,4,3.96,Penguin Books,Paperback,146,2006,1962,10/9/2022,7/28/2021,,,read,,,,1,0
82861,"Safe Area Goražde: The War in Eastern Bosnia, 1992-1995",Joe Sacco,"Sacco, Joe",Christopher Hitchens,,,0,4.27,Fantagraphics Books,Paperback,240,2001,2000,,10/7/2022,to-read,to-read (#245),to-read,,,,0,0
6065215,"The Strain (The Strain Trilogy, #1)",Guillermo del Toro,"Toro, Guillermo del",Chuck Hogan,0061558230,9780061558238,0,3.79,William Morrow,Hardcover,403,2009,2009,,10/1/2022,to-read,to-read (#244),to-read,,,,0,0
50209317,"The Galaxy, and the Ground Within (Wayfarers, #4)",Becky  Chambers,"Chambers, Becky",,0062936050,9780062936059,5,4.42,Harper Voyager,ebook,336,2021,2021,9/22/2022,9/22/2022,,,read,,,,1,0
57499884,Star Wars: Visions - Ronin,Emma Mieko Candon,"Candon, Emma Mieko",,059335866X,9780593358665,0,3.39,Random House Worlds,Hardcover,331,2021,2021,,9/19/2022,to-read,to-read (#243),to-read,,,,0,0
32802595,"Record of a Spaceborn Few (Wayfarers, #3)",Becky  Chambers,"Chambers, Becky",,1473647606,9781473647602,5,4.1,Hodder & Stoughton,Hardcover,359,2018,2018,9/12/2022,1/28/2022,,,read,,,,1,0
40864002,"A Psalm for the Wild-Built (Monk & Robot, #1)",Becky  Chambers,"Chambers, Becky",,,,5,4.29,Tordotcom,Kindle Edition,160,2021,2021,6/13/2022,3/7/2022,favorites,favorites (#21),read,,,,1,0
22733729,"The Long Way to a Small, Angry Planet (Wayfarers, #1)",Becky  Chambers,"Chambers, Becky",,1500453307,9781500453305,5,4.17,CreateSpace Independent Publishing Platform ,Paperback,518,2014,2014,8/9/2021,4/3/2021,favorites,favorites (#20),read,,,,1,0
40864030,"A Prayer for the Crown-Shy (Monk & Robot, #2)",Becky  Chambers,"Chambers, Becky",,,,5,4.48,Tordotcom,Kindle Edition,152,2022,2022,9/4/2022,7/31/2022,,,read,,,,1,0
22628,The Perks of Being a Wallflower,Stephen Chbosky,"Chbosky, Stephen",Ellen Karine Berg,,,0,4.22,MTV Books/Pocket Books,Paperback,213,1999,1999,,9/2/2022,to-read,to-read (#242),to-read,,,,0,0
7082,Do Androids Dream of Electric Sheep?,Philip K. Dick,"Dick, Philip K.",Roger Zelazny,0345404475,9780345404473,4,4.09,Del Rey / Ballantine Books,Paperback,244,1996,1968,9/2/2022,7/25/2021,,,read,,,,1,0
17143,Go Tell It on the Mountain,James Baldwin,"Baldwin, James",,0141185910,9780141185910,4,4.03,Penguin,Paperback,256,2001,1953,8/27/2022,7/3/2022,,,read,,,,1,0
17284593,"Casino Royale (James Bond, #1)",Ian Fleming,"Fleming, Ian",,,,2,3.74,Thomas & Mercer,Kindle Edition,189,2012,1953,11/27/2021,11/4/2021,,,read,,,,1,0
7624,Lord of the Flies,William Golding,"Golding, William",,0140283331,9780140283334,3,3.69,Penguin Books ,Paperback,182,1999,1954,,7/7/2019,,,read,,,,1,0
54493401,Project Hail Mary,Andy Weir,"Weir, Andy",,0593135202,9780593135204,5,4.52,Ballantine Books,Hardcover,476,2021,2021,6/3/2022,5/27/2021,favorites,favorites (#19),read,,,,1,0
43190272,"To Be Taught, If Fortunate",Becky  Chambers,"Chambers, Becky",,0062936018,9780062936011,5,4.2,Harper Voyager,Paperback,153,2019,2019,8/21/2022,7/22/2021,,,read,,,,1,0
7805,Pale Fire,Vladimir Nabokov,"Nabokov, Vladimir",,,,0,4.16,Penguin Books Ltd,Paperback,246,2000,1962,,8/20/2022,to-read,to-read (#241),to-read,,,,0,0
13747794,The Uncensored Picture of Dorian Gray,Oscar Wilde,"Wilde, Oscar",Nicholas Frankel,0674066316,9780674066311,0,4.3,Belknap Press,Paperback,260,2012,1890,,8/19/2022,to-read,to-read (#240),to-read,,,,0,0
43575115,The Starless Sea,Erin Morgenstern,"Morgenstern, Erin",,038554121X,9780385541213,5,3.86,Doubleday Books,Hardcover,498,2019,2019,8/16/2022,9/5/2021,,,read,,,,1,0
12781,The Satanic Verses,Salman Rushdie,"Rushdie, Salman",,0312270828,9780312270827,0,3.71,Picador USA,Paperback,561,1997,1988,,8/12/2022,to-read,to-read (#238),to-read,,,,0,0
28433627,The One Hundred Nights of Hero,Isabel Greenberg,"Greenberg, Isabel",,0316259160,9780316269629,0,4.42,"Little, Brown and Company",ebook,224,2016,2016,,8/2/2022,to-read,to-read (#237),to-read,,,,0,0
5128,The Doors of Perception / Heaven and Hell,Aldous Huxley,"Huxley, Aldous",,0060595183,9780060595180,0,3.93,Harper Perennial Modern Classics,Paperback,187,2004,1956,,8/1/2022,to-read,to-read (#236),to-read,,,,0,0
41150487,"Red, White & Royal Blue",Casey McQuiston,"McQuiston, Casey",,,,0,4.15,St. Martin's Griffin,Paperback,448,2019,2019,,7/17/2022,to-read,to-read (#228),to-read,,,,0,0
34928122,Artemis,Andy Weir,"Weir, Andy",,0553448129,9780553448122,0,3.69,Crown,Hardcover,305,2017,2017,,7/15/2021,to-read,to-read (#125),to-read,,,,0,0
43352954,This is How You Lose the Time War,Amal El-Mohtar,"El-Mohtar, Amal",Max Gladstone,,,0,3.96,Saga Press,Kindle Edition,209,2019,2019,,12/13/2021,to-read,to-read (#172),to-read,,,,0,0
60222807,Legends & Lattes,Travis  Baldree,"Baldree, Travis",,,,0,4.43,Cryptid Press,Kindle Edition,318,2022,2022,,7/30/2022,to-read,to-read (#235),to-read,,,,0,0
6088007,"Neuromancer (Sprawl, #1)",William Gibson,"Gibson, William",,,,4,3.9,Ace,Kindle Edition,292,2000,1984,7/30/2022,9/24/2021,,,read,,,,1,0
54860443,One Last Stop,Casey McQuiston,"McQuiston, Casey",,1250244498,9781250244499,0,4,St. Martin's Griffin,Paperback,418,2021,2021,,7/30/2022,to-read,to-read (#234),to-read,,,,0,0
54120408,Klara and the Sun,Kazuo Ishiguro,"Ishiguro, Kazuo",,059331817X,9780593318171,0,3.77,Alfred A. Knopf,Hardcover,303,2021,2021,,7/25/2022,to-read,to-read (#232),to-read,,,,0,0
16631,Steppenwolf,Hermann Hesse,"Hesse, Hermann",Basil Creighton,0140282580,9780140282580,0,4.13,Penguin,Paperback,256,1999,1927,,7/24/2022,to-read,to-read (#231),to-read,,,,0,0
44280883,All Boys Aren't Blue,George M. Johnson,"Johnson, George M.",,0374312710,9780374312718,0,4.24,"Farrar, Straus and Giroux (Byr)",Hardcover,304,2020,2020,,7/20/2022,to-read,to-read (#230),to-read,,,,0,0
42837514,Gender Queer,Maia Kobabe,"Kobabe, Maia",Phoebe Kobabe,1549304003,9781549304002,0,4.34,Oni Press,Paperback,239,2019,2019,,7/20/2022,to-read,to-read (#229),to-read,,,,0,0
52339313,"Cemetery Boys (Cemetery Boys, #1)",Aiden Thomas,"Thomas, Aiden",,1250250463,9781250250469,0,4.33,Swoon Reads,Hardcover,344,2020,2020,,7/17/2022,to-read,to-read (#227),to-read,,,,0,0
52380340,"The Extraordinaries (The Extraordinaries, #1)",T.J. Klune,"Klune, T.J.",,1250203651,9781250203656,0,4.11,Tor Teen,Hardcover,405,2020,2020,,7/17/2022,to-read,to-read (#226),to-read,,,,0,0
248787,The World Without Us,Alan Weisman,"Weisman, Alan",,,,3,3.81,Thomas Dunne Books,Hardcover,324,2007,2007,7/17/2022,9/24/2021,,,read,,,,1,0
34499,"Sourcery (Discworld, #5; Rincewind, #3)",Terry Pratchett,"Pratchett, Terry",,0061020672,9780061020674,5,3.9,Harper,Mass Market Paperback,276,2008,1988,7/11/2022,6/29/2022,,,read,,,,1,0
395220,Zami: A New Spelling of My Name,Audre Lorde,"Lorde, Audre",,0895941228,9780895941220,0,4.37,Crossing Press,Paperback,256,1982,1982,,12/13/2021,to-read,to-read (#179),to-read,,,,0,0
81903,"Curtain (Hercule Poirot, #34)",Agatha Christie,"Christie, Agatha",,0425173747,9780425173749,0,4.09,Berkley,Mass Market Paperback,215,2000,1975,,6/7/2021,to-read,to-read (#225),to-read,,,,0,0
25526296,"Every Heart a Doorway (Wayward Children, #1)",Seanan McGuire,"McGuire, Seanan",,0765385503,9780765385505,0,3.82,Tor.com,Hardcover,169,2016,2016,,6/5/2021,to-read,to-read (#115),to-read,,,,0,0
17675462,"The Raven Boys (The Raven Cycle, #1)",Maggie Stiefvater,"Stiefvater, Maggie",,0545424925,9780545424929,0,4.05,Scholastic Press,Hardcover,409,2012,2012,,7/5/2022,to-read,to-read (#224),to-read,,,,0,0
40275288,"The Priory of the Orange Tree (The Roots of Chaos, #1)",Samantha Shannon,"Shannon, Samantha",,,,0,4.23,Bloomsbury Publishing,Kindle Edition,848,2019,2019,,9/5/2021,to-read,to-read (#147),to-read,,,,0,0
50892338,"Legendborn (Legendborn, #1)",Tracy Deonn,"Deonn, Tracy",,1534441603,9781534441606,0,4.41,Margaret K. McElderry Books,Hardcover,501,2020,2020,,7/5/2022,to-read,to-read (#223),to-read,,,,0,0
52036,Siddhartha,Hermann Hesse,"Hesse, Hermann","Hilda Rosner, Zigmantas Ardickas",,,4,4.05,Bantam Books,Mass Market Paperback,152,1981,1922,7/4/2022,8/14/2019,,,read,,,,1,0
38357895,Convenience Store Woman,Sayaka Murata,"Murata, Sayaka",Ginny Tapley Takemori,,,0,3.71,Portobello Books,Paperback,163,2018,2016,,7/4/2022,to-read,to-read (#222),to-read,,,,0,0
11297,Norwegian Wood,Haruki Murakami,"Murakami, Haruki",Jay Rubin,0375704027,9780375704024,4,4.03,Vintage Books,Paperback,296,2000,1987,6/29/2022,11/15/2021,,,read,,,,1,0
13147230,"The Long Earth (The Long Earth, #1)",Terry Pratchett,"Pratchett, Terry",Stephen Baxter,0062067753,9780062067753,0,3.77,HarperCollins Harper,Hardcover,336,2012,2012,,6/23/2022,to-read,to-read (#221),to-read,,,,0,0
34055294,Last Contact,Stephen Baxter,"Baxter, Stephen",,,,0,4.22,Solaris Books,,9,2007,2007,,6/23/2022,to-read,to-read (#220),to-read,,,,0,0
22055262,"A Darker Shade of Magic (Shades of Magic, #1)",V.E. Schwab,"Schwab, V.E.",,0765376458,9780765376459,0,4.07,Tor Books,Hardcover,400,2015,2015,,12/2/2020,to-read,to-read (#64),to-read,,,,0,0
40495957,"Heartstopper: Volume One (Heartstopper, #1)",Alice Oseman,"Oseman, Alice",,152722533X,9781527225336,0,4.53,Selfpublished,Paperback,288,2018,2018,,6/21/2022,to-read,to-read (#219),to-read,,,,0,0
41580312,Be Here Now,Ram Dass,"Dass, Ram",,,,0,4.31,HarperOne,Kindle Edition,116,2010,1971,,5/12/2022,to-read,to-read (#218),to-read,,,,0,0
349090,Infinity Welcomes Careful Drivers (Red Dwarf #1),Grant Naylor,"Naylor, Grant",,0451452011,9780451452016,0,4.07,Roc,Mass Market Paperback,298,1992,1989,,6/17/2022,to-read,to-read (#217),to-read,,,,0,0
338798,Ulysses,James Joyce,"Joyce, James","Morris L. Ernst, John M. Woolsey",,,0,3.75,Vintage,Paperback,783,1990,1922,,6/14/2022,to-read,to-read (#216),to-read,,,,0,0
15802794,"Once Upon the End (Half Upon a Time, #3)",James  Riley,"Riley, James",,1442474238,9781442474239,4,4.46,Aladdin,ebook,384,2013,2013,,6/14/2022,,,read,,,,1,0
12317217,"Twice Upon a Time (Half Upon a Time, #2)",James  Riley,"Riley, James",,,,4,4.33,Aladdin,Kindle Edition,385,2012,2012,,6/14/2022,,,read,,,,1,0
7327326,"Half Upon a Time (Half Upon a Time, #1)",James  Riley,"Riley, James",,1416995935,9781416995937,4,4.17,Aladdin,Hardcover,385,2010,2010,,6/14/2022,,,read,,,,1,0
860926,Zima Blue and Other Stories,Alastair Reynolds,"Reynolds, Alastair",,1597800589,9781597800587,4,4.05,Night Shade,Hardcover,300,2006,2006,6/13/2022,2/4/2022,,,read,,,,1,0
17465709,Braiding Sweetgrass,Robin Wall Kimmerer,"Kimmerer, Robin Wall",,1571313354,9781571313355,0,4.57,Milkweed Editions,Hardcover,391,2013,2013,,6/12/2022,to-read,to-read (#215),to-read,,,,0,0
40545956,Where the Forest Meets the Stars,Glendy Vanderah,"Vanderah, Glendy",,154204006X,9781542040068,0,4.14,Lake Union Publishing,Hardcover,332,2019,2019,,7/28/2021,to-read,to-read (#134),to-read,,,,0,0
25795202,The Call of Cthulhu and Other Tales,H.P. Lovecraft,"Lovecraft, H.P.",,,,4,3.77,,,252,,,4/26/2020,7/7/2019,,,read,,,,1,0
208123,The Tibetan Book of the Dead,Padmasambhava,"Padmasambhava, Padmasambhava","Karma-glin-pa, Gyurme Dorje, Graham Coleman, Thupten Jinpa, Dalai Lama XIV, Namka Chokyi Gyatso",0143104942,9780143104940,0,4.17,Penguin Classics,Paperback,535,2007,1350,,5/13/2022,to-read,to-read (#214),to-read,,,,0,0
25109947,Lovecraft Country,Matt Ruff,"Ruff, Matt",,,,0,4.03,Harper,ebook,329,2016,2016,,5/9/2022,to-read,to-read (#213),to-read,,,,0,0
58093554,This is Vegan Propaganda (& Other Lies the Meat Industry tells you),Ed Winters,"Winters, Ed",,1473595134,9781473595132,0,4.69,Ebury Digital,ebook,320,2022,2022,,5/8/2022,to-read,to-read (#212),to-read,,,,0,0
42036538,"Gideon the Ninth (The Locked Tomb, #1)",Tamsyn Muir,"Muir, Tamsyn",,1250313198,9781250313195,0,4.23,Tor,Hardcover,448,2019,2019,,4/3/2021,to-read,to-read (#211),to-read,,,,0,0
15797355,Red Doc>,Anne Carson,"Carson, Anne",,0307960587,9780307960580,4,4.09,Alfred A. Knopf,Hardcover,171,2013,2013,4/27/2022,4/7/2022,,,read,,,,1,0
61049,Autobiography of Red,Anne Carson,"Carson, Anne",,037570129X,9780375701290,5,4.3,Vintage,Paperback,150,1999,1998,4/7/2022,3/23/2022,favorites,favorites (#18),read,,,,1,0
35959740,Circe,Madeline Miller,"Miller, Madeline",,0316556343,9780316556347,5,4.26,"Little, Brown and Company",Hardcover,393,2018,2018,4/23/2022,4/3/2021,favorites,favorites (#17),read,,,,1,0
220937,The House on the Borderland,William Hope Hodgson,"Hodgson, William Hope",,1426438281,9781426438288,0,3.62,BiblioLife,Paperback,156,2008,1908,,4/22/2022,to-read,to-read (#210),to-read,,,,0,0
816,Cryptonomicon,Neal Stephenson,"Stephenson, Neal",,,,0,4.24,Avon,Mass Market Paperback,1152,2002,1999,,4/22/2022,to-read,to-read (#209),to-read,,,,0,0
50202953,Piranesi,Susanna Clarke,"Clarke, Susanna",,163557563X,9781635575637,5,4.25,Bloomsbury,Hardcover,245,2020,2020,10/18/2021,5/7/2021,favorites,favorites (#16),read,,,,1,0
32620332,The Seven Husbands of Evelyn Hugo,Taylor Jenkins Reid,"Reid, Taylor Jenkins",,1501139231,9781501139239,5,4.47,Atria Books,Hardcover,389,2017,2017,3/3/2022,6/18/2021,favorites,favorites (#15),read,,,,1,0
99208,"The Monkey Wrench Gang (Monkey Wrench Gang, #1)",Edward Abbey,"Abbey, Edward",,0061129763,9780061129766,4,4.08,Harper Perennial Modern Classics,Paperback,421,2006,1975,4/4/2022,9/24/2021,,,read,,,,1,0
43890641,Hamnet,Maggie O'Farrell,"O'Farrell, Maggie",,1472223799,9781472223791,0,4.24,Tinder Press,Hardcover,372,2020,2020,,4/4/2022,to-read,to-read (#208),to-read,,,,0,0
6294,"Howl’s Moving Castle (Howl’s Moving Castle, #1)",Diana Wynne Jones,"Jones, Diana Wynne",,006441034X,9780064410342,0,4.29,Harper Trophy,Mass Market Paperback,329,2001,1986,,7/28/2021,to-read,to-read (#138),to-read,,,,0,0
208137,The Tibetan Book of the Dead,Padmasambhava,"Padmasambhava, Padmasambhava","W.Y. Evans-Wentz, Robert A.F. Thurman, Karma-glin-pa",1855384124,9781855384125,0,3.89,"London : Aquarian, 1994",Paperback,304,1998,1350,,3/27/2022,to-read,to-read (#207),to-read,,,,0,0
390562,What the Buddha Taught,Walpola Rahula,"Rahula, Walpola",Paul Demieville,0802130313,9780802130310,0,4.17,Grove Press,Paperback,151,1994,1959,,6/5/2021,to-read,to-read (#112),to-read,,,,0,0
20518872,"The Three-Body Problem (Remembrance of Earth’s Past, #1)",Liu Cixin,"Cixin, Liu",Ken Liu,0765377063,9780765377067,0,4.08,Tor Books,Hardcover,399,2014,2006,,10/14/2020,to-read,to-read (#54),to-read,,,,0,0
37752621,How to Invent Everything: A Survival Guide for the Stranded Time Traveller,Ryan North,"North, Ryan",,0753552558,9780753552551,0,4.14,Virgin Digital,ebook,464,2018,2018,,3/1/2020,to-read,to-read (#23),to-read,,,,0,0
17899948,Rebecca,Daphne du Maurier,"Maurier, Daphne du",,0316323705,9780316323703,0,4.24,"Little, Brown and Company",ebook,449,2013,1938,,8/1/2021,to-read,to-read (#142),to-read,,,,0,0
34066798,A Gentleman in Moscow,Amor Towles,"Towles, Amor",,,,5,4.34,Penguin Books,Paperback,462,2019,2016,3/25/2022,12/13/2021,,,read,,,,1,0
16135705,The Greatest Adventures of Sherlock Holmes,Arthur Conan Doyle,"Doyle, Arthur Conan",,1435144570,9781435144576,0,4.52,Fall River Press,Hardcover,939,2012,2009,,8/9/2020,to-read,to-read (#43),to-read,,,,0,0
6149,Beloved,Toni Morrison,"Morrison, Toni",,,9781400033416,0,3.92,Vintage,Kindle Edition,324,2004,1987,,3/15/2022,to-read,to-read (#206),to-read,,,,0,0
12843717,The Letter Q: Queer Writers' Notes to their Younger Selves,Sarah Moon,"Moon, Sarah","James Lecesne, Armistead Maupin, Michael Cunningham, Jacqueline Woodson, Mayra Lazara Dole, Amy Bloom, Gregory Maguire, David Levithan, Rakesh Satyal, Eileen Myles, Jasika Nicole, Doug Wright, Stacey D'Erasmo, Jennifer Camper, Erik Orrantia, Brian Selznick, Malinda Lo, Richard McCann, Ali Liebegott, Linda Villarosa, Paul Rudnick, Eric Orner, Lucy Jane Bledsoe, Tony Valenzuela, Christopher  Rice, Jewelle L. Gómez, Bill Clegg, Erika Moen, David Leavitt, LaShonda Katrice Barnett, Howard Cruse, Michael DiMotta, Terrence McNally, Brent Hartinger, Susan Stinson, Marc Wolf, Julie Anne Peters, Lucy Knisley, Nick Burd, Paula Gilovich, Colman Domingo, Marion Dane Bauer, Lucy Thurber, Paige Braddock, Melanie Braverman, Michael Nava, Martin  Moran, Bruce Coville, Bill Wright",0545399327,9780545399326,0,3.92,Arthur A. Levine Books,Hardcover,281,2012,2012,,3/15/2022,to-read,to-read (#205),to-read,,,,0,0
13542967,Storyteller,Leslie Marmon Silko,"Silko, Leslie Marmon",,0143121286,9780143121282,4,4.06,Penguin Books,Paperback,288,2012,1980,3/8/2022,3/3/2022,,,read,,,,1,0
391661,The Men with the Pink Triangle: The True Life-and-Death Story of Homosexuals in the Nazi Death Camps,Heinz Heger,"Heger, Heinz","Klaus Muller, David Fernbach",1555830064,9781555830069,0,4.31,Alyson Books,Paperback,120,1994,1972,,2/25/2022,to-read,to-read (#204),to-read,,,,0,0
6159,Reservation Blues,Sherman Alexie,"Alexie, Sherman",,0802141900,9780802141903,0,3.98,Grove Press,Paperback,306,2005,1995,,2/25/2022,to-read,to-read (#203),to-read,,,,0,0
227463,A Clockwork Orange,Anthony Burgess,"Burgess, Anthony",Κώστας Γαλανόπουλος,,,0,4,W. W. Norton & Company,Paperback,192,1986,1962,,2/21/2022,to-read,to-read (#202),to-read,,,,0,0
53205888,Under the Whispering Door,T.J. Klune,"Klune, T.J.",,1250217342,9781250217349,5,4.19,Tor Books,Hardcover,373,2021,2021,2/18/2022,10/9/2021,,,read,,,,1,0
45359288,"The Way to Rainy Mountain, 50th Anniversary Edition",N. Scott Momaday,"Momaday, N. Scott",,0826361218,9780826361219,4,3.81,University of New Mexico Press,Paperback,104,2019,1969,2/14/2022,2/7/2022,,,read,,,,1,0
51686708,How to Blow Up a Pipeline,Andreas Malm,"Malm, Andreas",,1839760257,9781839760259,5,4.02,Verso Books,Paperback,208,2021,2021,2/13/2022,12/4/2021,,,read,,,,1,0
29475447,"A Closed and Common Orbit (Wayfarers, #2)",Becky  Chambers,"Chambers, Becky",,1473621445,9781473621442,5,4.35,Hodder & Stoughton,Hardcover,365,2016,2016,1/28/2022,7/22/2021,,,read,,,,1,0
48757,The Tao of Pooh,Benjamin Hoff,"Hoff, Benjamin",Ernest H. Shepard,1405204265,9781405204262,0,4,Egmont Books,Paperback,176,2003,1982,,1/28/2022,to-read,to-read (#201),to-read,,,,0,0
37794149,"A Memory Called Empire (Teixcalaan, #1)",Arkady Martine,"Martine, Arkady",,1529001587,9781529001587,0,4.13,Tor,Paperback,462,2019,2019,,1/25/2022,to-read,to-read (#200),to-read,,,,0,0
588234,Ceremony,Leslie Marmon Silko,"Silko, Leslie Marmon",,0140086838,9780140086836,0,3.82,Penguin Group,Paperback,262,1986,1977,,1/25/2022,to-read,to-read (#199),to-read,,,,0,0
9444846,Starstruck Deluxe Edition,Elaine Lee,"Lee, Elaine",Michael Wm. Kaluta,1600108725,9781600108723,0,3.86,IDW Publishing,Hardcover,360,2011,2011,,1/25/2022,to-read,to-read (#198),to-read,,,,0,0
50623864,The Invisible Life of Addie LaRue,V.E. Schwab,"Schwab, V.E.",,0765387565,9780765387561,5,4.22,Tor Books,Hardcover,444,2020,2020,1/22/2022,10/29/2021,favorites,favorites (#14),read,,,,1,0
32767,At the Mountains of Madness,H.P. Lovecraft,"Lovecraft, H.P.","China Miéville, S.T. Joshi, Fernando Calleja",0812974417,9780812974416,0,3.84,The Modern Library,Paperback,194,2005,1931,,12/25/2021,to-read,to-read (#197),to-read,,,,0,0
17934530,Annihilation,Jeff VanderMeer,"VanderMeer, Jeff",,0374104093,9780374104092,0,3.74,"Farrar, Straus and Giroux",Paperback,195,2014,2014,,1/18/2022,to-read,to-read (#196),to-read,,,,0,0
20043489,Life Among the Piutes; Their Wrongs and Claims,Sarah Winnemucca Hopkins,"Hopkins, Sarah Winnemucca",,1456569821,9781456569822,4,3.78,CreateSpace Independent Publishing Platform,Paperback,168,2013,1883,1/18/2022,1/12/2022,,,read,,,,1,0
8855321,"Leviathan Wakes (The Expanse, #1)",James S.A. Corey,"Corey, James S.A.",,1841499889,9781841499888,0,4.28,Orbit,Paperback,592,2011,2011,,1/17/2022,to-read,to-read (#195),to-read,,,,0,0
4929,Kafka on the Shore,Haruki Murakami,"Murakami, Haruki",Philip Gabriel,1400079276,9781400079278,4,4.14,Vintage International,Paperback,467,2006,2002,1/11/2022,9/14/2020,,,read,,,,1,0
47212,"Storm Front (The Dresden Files, #1)",Jim Butcher,"Butcher, Jim",,0451457811,9780451457813,0,3.98,Penguin ROC,Mass Market Paperback,355,2000,2000,,1/10/2022,to-read,to-read (#194),to-read,,,,0,0
13642,"A Wizard of Earthsea (Earthsea Cycle, #1)",Ursula K. Le Guin,"Guin, Ursula K. Le",,0553383043,9780553383041,0,4.01,,Paperback,183,2004,1968,,1/10/2022,to-read,to-read (#193),to-read,,,,0,0
7042,The Tale of Genji,Murasaki Shikibu,"Shikibu, Murasaki","Royall  Tyler, Minora Sugai, 豐子愷",014243714X,9780142437148,0,3.72,Penguin,Paperback,1182,2003,1001,,1/10/2022,to-read,to-read (#192),to-read,,,,0,0
59903442,Fragile Things: Short Fictions and Wonders,Neil Gaiman,"Gaiman, Neil",,,,0,3.96,William Morrow,Paperback,384,2022,2006,,1/10/2022,to-read,to-read (#191),to-read,,,,0,0
1371,The Iliad,Homer,"Homer, Homer","Robert Fagles, Andrew Lang, Alexander Pope, W.H.D. Rouse, Bernard Knox, William Lucas Collins, G. Chapman, Walter Leaf, Ernest Myers, Gilbert Wakefield, Prentiss Cummings, R. Hooper, Richmond Lattimore, G. Cerri",0140275363,9780140275360,0,3.89,Penguin Classics,Paperback,704,1999,-800,,1/9/2022,to-read,to-read (#190),to-read,,,,0,0
415,Gravity's Rainbow,Thomas Pynchon,"Pynchon, Thomas",,0143039946,9780143039945,0,3.99,Penguin Books,Paperback,776,2006,1973,,1/6/2022,to-read,to-read (#189),to-read,,,,0,0
11071466,Second Chance Summer,Morgan Matson,"Matson, Morgan",,1416990674,9781416990673,0,4.13,Simon & Schuster Children's Publishing,Hardcover,468,2012,2012,,1/5/2022,to-read,to-read (#188),to-read,,,,0,0
23168277,The Sympathizer,Viet Thanh Nguyen,"Nguyen, Viet Thanh",,0802123457,9780802123459,0,4,Grove Press,Hardcover,371,2015,2015,,1/5/2022,to-read,to-read (#187),to-read,,,,0,0
32319358,"Guns, Germs, and Steel: The Fates of Human Societies",Jared Diamond,"Diamond, Jared",,0393354326,9780393354324,0,4.04,W. W. Norton  Company,Paperback,494,2017,1997,,10/3/2021,to-read,to-read (#186),to-read,,,,0,0
29044,The Secret History,Donna Tartt,"Tartt, Donna",,1400031702,9781400031702,0,4.16,Vintage,Paperback,559,2004,1992,,5/7/2021,to-read,to-read (#185),to-read,,,,0,0
98687,Call Me by Your Name,André Aciman,"Aciman, André",,0374299218,9780374299217,5,4.13,"Farrar, Straus and Giroux",Hardcover,248,2007,2007,12/29/2021,11/15/2021,,,read,,,,1,0
386372,"Mort (Discworld, #4; Death, #1)",Terry Pratchett,"Pratchett, Terry",,0061020680,9780061020681,5,4.23,Harpertorch,Mass Market Paperback,243,2001,1987,12/22/2021,5/23/2021,,,read,,,,1,0
444331,"Inkheart (Inkworld, #1)",Cornelia Funke,"Funke, Cornelia",Anthea Bell,0439531640,9780439531641,3,3.91,Chicken House,Hardcover,534,2003,2003,,3/16/2019,to-read,to-read (#184),to-read,,,,1,0
40940649,I Am Legend,Richard Matheson,"Matheson, Richard",,,,0,4.06, RosettaBooks ,Kindle Edition,162,2011,1954,,7/19/2021,to-read,to-read (#183),to-read,,,,0,0
36576608,Flowers for Algernon,Daniel Keyes,"Keyes, Daniel",,,,5,4.18,,Paperback,216,,1959,12/16/2021,2/17/2021,,,read,,,,1,0
40651883,Snow Crash,Neal Stephenson,"Stephenson, Neal",,,,0,4.03,Spectra,Kindle Edition,559,2003,1992,,12/14/2021,to-read,to-read (#182),to-read,,,,0,0
4671,The Great Gatsby,F. Scott Fitzgerald,"Fitzgerald, F. Scott",,,,4,3.93,Scribner,Paperback,180,2004,1925,,11/13/2019,,,read,,,,1,0
24800,House of Leaves,Mark Z. Danielewski,"Danielewski, Mark Z.",,038560310X,9780385603102,5,4.09,Random House,Paperback,710,2000,2000,10/9/2021,5/7/2021,favorites,favorites (#10),read,,,,1,0
52578297,The Midnight Library,Matt Haig,"Haig, Matt",,,,5,4.03,Viking,Hardcover,288,2020,2020,12/8/2021,4/3/2021,favorites,favorites (#13),read,,,,1,0
38462,Giovanni's Room,James Baldwin,"Baldwin, James",,0141186356,9780141186351,5,4.29,Penguin,Paperback,159,2000,1956,12/13/2021,8/10/2021,,,read,,,,1,0
25899336,When Breath Becomes Air,Paul Kalanithi,"Kalanithi, Paul",,,,0,4.38,Random House,Kindle Edition,208,2016,2016,,12/13/2021,to-read,to-read (#181),to-read,,,,0,0
33253215,The Heart's Invisible Furies,John Boyne,"Boyne, John",,,,0,4.5,Hogarth Press,Hardcover,582,2017,2017,,12/13/2021,to-read,to-read (#180),to-read,,,,0,0
28257707,The Subtle Art of Not Giving a F*ck: A Counterintuitive Approach to Living a Good Life,Mark Manson,"Manson, Mark",,,,0,3.91,Harper,Paperback,212,2016,2016,,11/17/2021,to-read,to-read (#178),to-read,,,,0,0
9589,Hocus Pocus,Kurt Vonnegut Jr.,"Jr., Kurt Vonnegut",,0425161293,9780425161296,0,3.83,Berkley Books,Paperback,322,1997,1990,,12/13/2021,to-read,to-read (#177),to-read,,,,0,0
4982,The Sirens of Titan,Kurt Vonnegut Jr.,"Jr., Kurt Vonnegut","Ligia Caranfil, Chris     Moore",,,0,4.15,Gollancz,Paperback,224,1999,1959,,12/13/2021,to-read,to-read (#176),to-read,,,,0,0
135479,Cat's Cradle,Kurt Vonnegut Jr.,"Jr., Kurt Vonnegut",,0140285601,9780140285604,0,4.16,Penguin,Paperback,179,1999,1963,,12/13/2021,to-read,to-read (#175),to-read,,,,0,0
4980,Breakfast of Champions,Kurt Vonnegut Jr.,"Jr., Kurt Vonnegut",,0385334206,9780385334204,0,4.07,Dell Publishing,Paperback,303,1999,1973,,12/13/2021,to-read,to-read (#174),to-read,,,,0,0
73654,Logan's Run,William F. Nolan,"Nolan, William F.","George Clayton Johnson, Charles Moll",0553025171,9780553025170,0,3.65,Bantam Books,Paperback,149,1976,1967,,12/12/2021,to-read,to-read (#171),to-read,,,,0,0
22299763,"Crooked Kingdom (Six of Crows, #2)",Leigh Bardugo,"Bardugo, Leigh",,,,0,4.61,Orion Children's Books,Kindle Edition,561,2016,2016,,11/9/2021,to-read,to-read (#170),to-read,,,,0,0
402045,"The Mists of Avalon (Avalon, #1)",Marion Zimmer Bradley,"Bradley, Marion Zimmer",,0345350499,9780345350497,0,4.12,Ballantine Books,Paperback,884,1984,1982,,12/10/2021,to-read,to-read (#169),to-read,,,,0,0
3109,The Omnivore's Dilemma: A Natural History of Four Meals,Michael Pollan,"Pollan, Michael",,1594200823,9781594200823,0,4.18,The Penguin Press,Hardcover,450,2006,2006,,12/2/2021,to-read,to-read (#168),to-read,,,,0,0
17061,Coraline,Neil Gaiman,"Gaiman, Neil",Dave McKean,0061139378,9780061139376,0,4.09,William Morrow Paperbacks,Paperback,176,2006,2002,,12/6/2021,to-read,to-read (#167),to-read,,,,0,0
13338768,Plague: A Very Short Introduction,Paul Slack,"Slack, Paul",,0199589542,9780199589548,3,3.68,"Oxford University Press, USA",Paperback,152,2012,2012,11/29/2021,11/20/2021,,,read,,,,1,0
90540,Overthrow: America's Century of Regime Change from Hawaii to Iraq,Stephen Kinzer,"Kinzer, Stephen",,0805082409,9780805082401,4,4.16,Times Books,Paperback,384,2007,2006,11/27/2021,11/11/2021,,,read,,,,1,0
53375824,Lore,Alexandra Bracken,"Bracken, Alexandra",,1484778200,9781484778203,0,3.8,Disney-Hyperion,Hardcover,480,2021,2021,,11/23/2021,to-read,to-read (#166),to-read,,,,0,0
8935689,"Consider Phlebas (Culture, #1)",Iain M. Banks,"Banks, Iain M.",,1857231384,9781857231380,0,3.86,Orbit,Paperback,471,1988,1987,,11/23/2021,to-read,to-read (#165),to-read,,,,0,0
320,One Hundred Years of Solitude,Gabriel García Márquez,"Márquez, Gabriel García",Gregory Rabassa,,,0,4.1,Harper,Mass Market Paperback,417,2003,1967,,11/15/2021,to-read,to-read (#164),to-read,,,,0,0
6514,The Bell Jar,Sylvia Plath,"Plath, Sylvia",,,,0,4.04,Harper Perennial Modern Classics,Paperback,294,2006,1963,,11/15/2021,to-read,to-read (#163),to-read,,,,0,0
23437156,"Six of Crows (Six of Crows, #1)",Leigh Bardugo,"Bardugo, Leigh",,,,5,4.49,Henry Holt & Company,Hardcover,465,2015,2015,11/10/2021,5/31/2021,,,read,,,,1,0
12985,The Tempest,William Shakespeare,"Shakespeare, William","Paul Werstine, David Lindley, Israel Gollancz, Barbara A. Mowat, Arthur Wilson Verity, Georg Brandes, G.B. Harrison, William James Rolfe",,,0,3.8,Washington Square Press,Mass Market Paperback,218,2004,1611,,11/6/2021,to-read,to-read (#162),to-read,,,,0,0
51893,Thus Spoke Zarathustra,Friedrich Nietzsche,"Nietzsche, Friedrich","Walter Kaufmann, Silvia Cecchini, Domenico Ciampoli",,,4,4.07,Penguin Books,Paperback,327,1978,1883,7/15/2021,5/10/2021,,,read,,,,1,0
25307,"No god but God: The Origins, Evolution and Future of Islam",Reza Aslan,"Aslan, Reza",,0812971892,9780812971897,4,4.12,Random House Trade,Paperback,310,2006,2005,10/31/2021,10/28/2021,,,read,,,,1,0
43708708,White Fragility: Why It’s So Hard for White People to Talk About Racism,Robin DiAngelo,"DiAngelo, Robin","Michael Eric Dyson, Manon Smits, Rob Kuitenbrouwer, Amy Landon",0807071161,9780807071168,0,4.19,Beacon Press,Audiobook,192,2018,2018,,10/29/2021,to-read,to-read (#161),to-read,,,,0,0
45289222,Writers & Lovers,Lily King,"King, Lily",,,,0,4.05,Grove Press,Hardcover,320,2020,2020,,10/29/2021,to-read,to-read (#160),to-read,,,,0,0
29283884,"The Gentleman's Guide to Vice and Virtue (Montague Siblings, #1)",Mackenzi Lee,"Lee, Mackenzi",,0062382802,9780062382801,0,4.05,Katherine Tegen Books,Hardcover,528,2017,2017,,10/24/2021,to-read,to-read (#159),to-read,,,,0,0
9361589,The Night Circus,Erin Morgenstern,"Morgenstern, Erin",,0385534635,9780385534635,5,4.03,Doubleday,Hardcover,387,2011,2011,10/23/2021,8/1/2021,favorites,favorites (#12),read,,,,1,0
30948,The Rise of Christianity,Rodney Stark,"Stark, Rodney",,0060677015,9780060677015,3,4.07,HarperOne,Paperback,272,1997,1996,10/20/2021,10/19/2021,,,read,,,,1,0
52483192,The House in the Cerulean Sea,T.J. Klune,"Klune, T.J.",,1250217318,9781250217318,5,4.45,Tor Books,Paperback,396,2020,2020,10/14/2021,4/3/2021,favorites,favorites (#11),read,,,,1,0
6262231,The Legend of Sleepy Hollow,Washington Irving,"Irving, Washington",,,,4,3.72,Public Domain Books,Kindle Edition,73,1992,1820,10/13/2021,7/29/2021,,,read,,,,1,0
36236125,Invisible Monsters,Chuck Palahniuk,"Palahniuk, Chuck",,0393355950,9780393355956,0,3.99,W. W. Norton  Company,Paperback,304,2018,1999,,10/13/2021,to-read,to-read (#158),to-read,,,,0,0
36236124,Fight Club,Chuck Palahniuk,"Palahniuk, Chuck",,0393355942,9780393355949,0,4.19,W. W. Norton  Company,Paperback,224,2018,1996,,10/13/2021,to-read,to-read (#157),to-read,,,,0,0
462182,Rip Van Winkle,Washington Irving,"Irving, Washington",,1883789400,9781883789404,0,3.62,Black Dome Press,Paperback,61,2004,1819,,10/12/2021,to-read,to-read (#156),to-read,,,,0,0
18513,The Silmarillion,J.R.R. Tolkien,"Tolkien, J.R.R.",Christopher Tolkien,0345325818,9780345325815,0,3.98,Del Rey Books,Paperback,445,1985,1977,,8/2/2020,to-read,to-read (#155),to-read,,,,0,0
24874335,The Communist Manifesto,Karl Marx,"Marx, Karl",Friedrich Engels,0141397985,9780141397986,4,3.62,Penguin Classics,Paperback,52,2015,1848,10/12/2021,10/9/2021,,,read,,,,1,0
20326135,Things Fall Apart,Chinua Achebe,"Achebe, Chinua",,,,4,3.72,Anchor Books,Paperback,216,2009,1958,10/11/2021,10/11/2021,,,read,,,,1,0
2998,The Secret Garden,Frances Hodgson Burnett,"Burnett, Frances Hodgson",,0517189607,9780517189603,0,4.15,Children's Classics,Hardcover,331,1998,1911,,10/2/2021,to-read,to-read (#154),to-read,,,,0,0
25744928,Deep Work: Rules for Focused Success in a Distracted World,Cal Newport,"Newport, Cal",,1455586692,9781455586691,0,4.19,Grand Central Publishing,Hardcover,296,2016,2016,,9/30/2021,to-read,to-read (#153),to-read,,,,0,0
17910054,The Sixth Extinction: An Unnatural History,Elizabeth Kolbert,"Kolbert, Elizabeth",,0805092994,9780805092998,5,4.15,Henry Holt and Co. (Georg von Holtzbrinck),Hardcover,336,2014,2014,9/28/2021,9/16/2021,,,read,,,,1,0
2052,The Big Sleep,Raymond Chandler,"Chandler, Raymond",,0394758285,9780394758282,0,3.96,Vintage Crime,Paperback,231,1988,1939,,9/24/2021,to-read,to-read (#152),to-read,,,,0,0
25499718,"Children of Time (Children of Time, #1)",Adrian Tchaikovsky,"Tchaikovsky, Adrian",,1447273281,9781447273288,0,4.29,PanMacmillan,Hardcover,600,2015,2015,,9/24/2021,to-read,to-read (#151),to-read,,,,0,0
104,"Dune (Dune Chronicles, #1)",Frank Herbert,"Herbert, Frank",Brian Herbert,,,5,4.25,Ace Books,Paperback,528,2005,1965,4/25/2021,8/2/2020,favorites,favorites (#9),read,,,,1,0
28212,"And the Band Played On: Politics, People, and the AIDS Epidemic",Randy Shilts,"Shilts, Randy",William Greider,0312241356,9780312241353,0,4.37,Stonewall Inn Editions,Paperback,660,2000,1987,,9/20/2021,to-read,to-read (#150),to-read,,,,0,0
248596,"Something Wicked This Way Comes (Green Town, #2)",Ray Bradbury,"Bradbury, Ray",,0380729407,9780380729401,4,3.92,Harper Voyager,Mass Market Paperback,293,1998,1962,9/17/2021,5/21/2021,,,read,,,,1,0
4406,East of Eden,John Steinbeck,"Steinbeck, John",,0142000655,9780142000656,0,4.39,Penguin Books,Paperback,601,2002,1952,,9/16/2021,to-read,to-read (#149),to-read,,,,0,0
25663542,Silence,Shūsaku Endō,"Endō, Shūsaku","William Johnston, Martin Scorsese",1250082277,9781250082275,4,4.08,Picador Modern Classics,Paperback,212,2017,1966,9/15/2021,9/15/2021,,,read,,,,1,0
28759,Magic's Pawn (The Last Herald-Mage #1),Mercedes Lackey,"Lackey, Mercedes",,0886773520,9780886773526,0,4.21,DAW Books Inc,Mass Market Paperback,349,1989,1989,,9/5/2021,to-read,to-read (#148),to-read,,,,0,0
15839976,"Red Rising (Red Rising Saga, #1)",Pierce Brown,"Brown, Pierce",,0345539788,9780345539786,0,4.26,Del Rey,Hardcover,382,2014,2014,,8/13/2021,to-read,to-read (#146),to-read,,,,0,0
80449,On the Genealogy of Morals,Friedrich Nietzsche,"Nietzsche, Friedrich",Douglas Smith,019283617X,9780192836175,0,4.13,"Oxford University Press, USA",Paperback,208,1999,1887,,8/10/2021,to-read,to-read (#145),to-read,,,,0,0
5439,Interpreter of Maladies,Jhumpa Lahiri,"Lahiri, Jhumpa",,0618101365,9780618101368,0,4.17,Houghton Mifflin Harcourt,Hardcover,198,2000,1999,,8/1/2021,to-read,to-read (#144),to-read,,,,0,0
16143347,We Were Liars,E. Lockhart,"Lockhart, E.",,,,0,3.72,Delacorte Press,Kindle Edition,242,2014,2014,,8/1/2021,to-read,to-read (#143),to-read,,,,0,0
92303,The Importance of Being Earnest,Oscar Wilde,"Wilde, Oscar","Stanley Appelbaum, Yvonne Skargon",158049580X,9781580495806,0,4.18,Prestwick House,Paperback,76,2005,1895,,7/29/2021,to-read,to-read (#141),to-read,,,,0,0
15823480,Anna Karenina,Leo Tolstoy,"Tolstoy, Leo","Aylmer Maude, Louise Maude, Dieter Wellershoff, Bruno Goetz, Lev Tolstoj, Léon Tolstoï",,,0,4.08,Vintage,Paperback,964,2012,1878,,7/28/2021,to-read,to-read (#140),to-read,,,,0,0
5129,Brave New World,Aldous Huxley,"Huxley, Aldous",,0060929871,9780060929879,0,3.99,HarperPerennial / Perennial Classics,Paperback,268,1998,1932,,7/28/2021,to-read,to-read (#139),to-read,,,,0,0
157993,The Little Prince,Antoine de Saint-Exupéry,"Saint-Exupéry, Antoine de",Richard Howard,,,0,4.32,"Harcourt, Inc.",Paperback,96,2000,1943,,7/28/2021,to-read,to-read (#137),to-read,,,,0,0
6493208,The Immortal Life of Henrietta Lacks,Rebecca Skloot,"Skloot, Rebecca",,1400052173,9781400052172,0,4.1,Crown Publishing Group,Hardcover,370,2010,2010,,7/28/2021,to-read,to-read (#136),to-read,,,,0,0
196150,Japanese Tales of Mystery & Imagination,Edogawa Rampo,"Rampo, Edogawa",James B. Harris,0804803196,9780804803199,0,4.05,Tuttle Publishing,Paperback,222,1989,1956,,7/28/2021,to-read,to-read (#135),to-read,,,,0,0
24885714,Tunnel of Secrets (Hardy Boys Adventures #10),Franklin W. Dixon,"Dixon, Franklin W.",,1481438751,9781481438759,5,4.07,Aladdin,Hardcover,136,2015,2015,7/25/2021,7/25/2021,,,read,,,,2,0
279770,"The Three Musketeers (The d'Artagnan Romances, #1)",Alexandre Dumas,"Dumas, Alexandre","Richard Pevear, Tom Gauld",0143105000,9780143105008,0,4.09,Penguin Classics Deluxe Edition,Paperback,704,2007,1844,,12/2/2020,to-read,to-read (#62),to-read,,,,0,0
36337550,The 7½ Deaths of Evelyn Hardcastle,Stuart Turton,"Turton, Stuart",,,,0,3.87,Sourcebooks Landmark,Hardcover,432,2018,2018,,7/25/2021,to-read,to-read (#133),to-read,,,,0,0
474434,Paradise Lost,John Milton,"Milton, John",John      Leonard,0140424261,9780140424263,0,3.83,Penguin Classics,Paperback,542,2000,1667,,1/22/2021,to-read,to-read (#130),to-read,,,,0,0
16305,"Evil Under the Sun (Hercule Poirot, #21)",Agatha Christie,"Christie, Agatha",,1579126286,9781579126285,0,3.98,Black Dog & Leventhal Publishers,Hardcover,220,2006,1941,,6/7/2021,to-read,to-read (#129),to-read,,,,0,0
40604658,"Jurassic Park (Jurassic Park, #1)",Michael Crichton,"Crichton, Michael",,,,0,4.07,Ballantine Books,Kindle Edition,466,2012,1990,,7/20/2021,to-read,to-read (#128),to-read,,,,0,0
19161852,"The Fifth Season (The Broken Earth, #1)",N.K. Jemisin,"Jemisin, N.K.",,,,0,4.32,Orbit,Paperback,468,2015,2015,,7/20/2021,to-read,to-read (#127),to-read,,,,0,0
50548197,"A Deadly Education (The Scholomance, #1)",Naomi Novik,"Novik, Naomi",,0593128486,9780593128480,0,4.01,Del Rey Books,Hardcover,336,2020,2020,,7/20/2021,to-read,to-read (#126),to-read,,,,0,0
15995658,Dandelion Wine,Ray Bradbury,"Bradbury, Ray",,,,5,4.08,William Morrow,Hardcover,267,2006,1957,7/16/2021,5/21/2021,,,read,,,,1,0
10194157,"Shadow and Bone (The Shadow and Bone Trilogy, #1)",Leigh Bardugo,"Bardugo, Leigh",Chiara Leoncini,,,0,3.95,Henry Holt & Company,Hardcover,358,2012,2012,,7/13/2021,to-read,to-read (#124),to-read,,,,0,0
119322,"The Golden Compass (His Dark Materials, #1)",Philip Pullman,"Pullman, Philip",Torstein Bugge Høverstad,0679879242,9780679879244,0,4.01,Alfred A. Knopf Books for Young Readers,Hardcover,399,1996,1995,,7/6/2021,to-read,to-read (#123),to-read,,,,0,0
121648,"Five Little Pigs (Hercule Poirot, #22)",Agatha Christie,"Christie, Agatha",Hugh Fraser,,,4,4.02,Berkley,Paperback,224,1985,1942,6/22/2021,6/7/2021,,,read,,,,1,0
21,A Short History of Nearly Everything,Bill Bryson,"Bryson, Bill",,076790818X,9780767908184,0,4.21,Crown Publishing Group (NY),Paperback,544,2004,2003,,6/19/2021,to-read,to-read (#122),to-read,,,,0,0
4900,Heart of Darkness,Joseph Conrad,"Conrad, Joseph","Aníbal Fernandes, Aniela Zagórska",1892295490,9781892295491,0,3.43,Green Integer,Paperback,188,2003,1899,,6/11/2021,to-read,to-read (#121),to-read,,,,0,0
378,The Phantom Tollbooth,Norton Juster,"Juster, Norton",Jules Feiffer,0394820371,9780394820378,0,4.19,Random House Bullseye Books,Paperback,248,1996,1961,,6/9/2021,to-read,to-read (#120),to-read,,,,0,0
355697,All Quiet on the Western Front,Erich Maria Remarque,"Remarque, Erich Maria",Arthur Wesley Wheen,0449213943,9780449213940,0,4.02,Ballantine Books,Mass Market Paperback,296,1987,1929,,6/9/2021,to-read,to-read (#119),to-read,,,,0,0
51606,Johnny Got His Gun,Dalton Trumbo,"Trumbo, Dalton",,0806512814,9780806512815,0,4.19,Citadel,Paperback,309,2000,1939,,6/9/2021,to-read,to-read (#118),to-read,,,,0,0
527744,"After the Funeral (Hercule Poirot, #26)",Agatha Christie,"Christie, Agatha",,0425173909,9780425173909,0,3.9,Berkley,Paperback,306,2000,1953,,6/7/2021,to-read,to-read (#117),to-read,,,,0,0
16349,"Hercule Poirot's Christmas (Hercule Poirot, #18)",Agatha Christie,"Christie, Agatha",,0007120699,9780007120697,0,3.98,HarperCollins Publishers,Paperback,335,2001,1938,,6/7/2021,to-read,to-read (#116),to-read,,,,0,0
17204679,Man's Search for Meaning,Viktor E. Frankl,"Frankl, Viktor E.",Ilse Lasch,,,4,4.37,Beacon Press,Kindle Edition,188,2006,1946,6/6/2021,8/18/2019,,,read,,,,1,0
14743,The God Delusion,Richard Dawkins,"Dawkins, Richard",,0618680004,9780618680009,0,3.9,Houghton Mifflin Co.,Hardcover,374,2006,2006,,6/5/2021,to-read,to-read (#114),to-read,,,,0,0
61535,The Selfish Gene,Richard Dawkins,"Dawkins, Richard",,0199291152,9780199291151,0,4.15,Oxford University Press,Paperback,360,2006,1976,,6/5/2021,to-read,to-read (#113),to-read,,,,0,0
16000364,The Picture of Dorian Gray,Oscar Wilde,"Wilde, Oscar",,1607107325,9781607107323,5,4.11,Canterbury Classics,Flexibound,193,2013,1890,6/3/2021,11/22/2020,,,read,,,,1,0
375802,"Ender's Game (Ender's Saga, #1)",Orson Scott Card,"Card, Orson Scott",,0812550706,9780812550702,5,4.31,Tor,Mass Market Paperback,324,2004,1985,,8/4/2019,favorites,favorites (#8),read,,,,1,0
17250,The Crucible,Arthur  Miller,"Miller, Arthur",Christopher Bigsby,0142437336,9780142437339,0,3.6,Penguin Books,Paperback,143,2003,1953,,5/31/2021,to-read,to-read (#111),to-read,,,,0,0
19063,The Book Thief,Markus Zusak,"Zusak, Markus",,,,0,4.39,Alfred A. Knopf,Hardcover,552,2006,2006,,5/31/2021,to-read,to-read (#110),to-read,,,,0,0
5107,The Catcher in the Rye,J.D. Salinger,"Salinger, J.D.",,0316769177,9780316769174,0,3.81,Back Bay Books,Paperback,277,2001,1951,,5/31/2021,to-read,to-read (#109),to-read,,,,0,0
1885,Pride and Prejudice,Jane Austen,"Austen, Jane","Vivien Jones, Anna Quindlen, Charles Edmund Brock",,,0,4.28,Modern Library,Paperback,279,2000,1813,,5/31/2021,to-read,to-read (#108),to-read,,,,0,0
2969455,The Illustrated Man,Ray Bradbury,"Bradbury, Ray",Dean Ellis,,0553105574175,4,4.13,Bantam Books,Paperback,186,1972,1951,5/28/2021,8/16/2020,,,read,,,,1,0
9969571,"Ready Player One (Ready Player One, #1)",Ernest Cline,"Cline, Ernest",,030788743X,9780307887436,5,4.24,Crown Publishers,Hardcover,374,2011,2011,,3/16/2019,,,read,,,,1,0
12296,The Scarlet Letter,Nathaniel Hawthorne,"Hawthorne, Nathaniel","Henry James, Nina Baym",0142437263,9780142437261,0,3.43,Penguin Books,Paperback,279,2003,1850,,5/26/2021,to-read,to-read (#107),to-read,,,,0,0
386366,"Equal Rites (Discworld, #3)",Terry Pratchett,"Pratchett, Terry",,0061020699,9780061020698,4,4.04,HarperTorch,Mass Market Paperback,213,2000,1987,5/23/2021,2/24/2021,,,read,,,,1,0
31933977,"Lady of the Lake (The Witcher, #5)",Andrzej Sapkowski,"Sapkowski, Andrzej",David French,,,0,4.12,Orbit,Paperback,531,2017,1999,,4/11/2021,to-read,to-read (#106),to-read,,,,0,0
95558,Solaris,Stanisław Lem,"Lem, Stanisław","Steve Cox, Joanna Kilmartin",,,0,3.99,Harcourt,Paperback,204,2002,1961,,5/20/2021,to-read,to-read (#105),to-read,,,,0,0
16902,Walden,Henry David Thoreau,"Thoreau, Henry David",Bill McKibben,,,0,3.78,Princeton University Press,Paperback,352,2004,1854,,5/19/2021,to-read,to-read (#104),to-read,,,,0,0
27917672,"The Tower of Swallows (The Witcher, #4)",Andrzej Sapkowski,"Sapkowski, Andrzej",David French,0316273716,9780316273718,5,4.23,Orbit,Paperback,436,2016,1997,5/17/2021,4/11/2021,,,read,,,,1,0
36809135,Where the Crawdads Sing,Delia Owens,"Owens, Delia",,0735219117,9780735219113,5,4.43,G.P. Putnam’s Sons,ebook,384,2018,2018,5/16/2021,4/7/2021,,,read,,,,1,0
15783514,The Ocean at the End of the Lane,Neil Gaiman,"Gaiman, Neil",,0062255657,9780062255655,4,4.01,William Morrow Books,Hardcover,181,2013,2013,5/16/2021,4/3/2021,,,read,,,,1,0
18619684,The Time Traveler's Wife,Audrey Niffenegger,"Niffenegger, Audrey",,,9781939126016,0,3.99,Zola Books,ebook,537,2013,2004,,5/7/2021,to-read,to-read (#103),to-read,,,,0,0
41804,"I, Robot (Robot, #0.1)",Isaac Asimov,"Asimov, Isaac",,0553803700,9780553803709,5,4.21,Bantam Books,Hardcover,224,2004,1950,,3/16/2019,favorites,favorites (#7),read,,,,1,0
101673,"The Lion, the Witch and the Wardrobe",C.S. Lewis,"Lewis, C.S.",,0439847974,9780439847971,5,4.23,Scholastic,Paperback,189,2006,1950,,6/30/2019,,,read,,,,1,0
386162,"The Hitchhiker's Guide to the Galaxy (The Hitchhiker's Guide to the Galaxy, #1)",Douglas Adams,"Adams, Douglas",,,,5,4.23,Del Rey,Paperback,193,2007,1979,,3/16/2019,favorites,favorites (#6),read,,,,1,0
5907,The Hobbit,J.R.R. Tolkien,"Tolkien, J.R.R.","Douglas A. Anderson, Michael Hague, Jemima Catlin",,,5,4.28,Houghton Mifflin,Paperback,366,2002,1937,,3/16/2019,favorites,favorites (#5),read,,,,1,0
18007564,The Martian,Andy Weir,"Weir, Andy",,0804139024,9780804139021,5,4.41,Crown,Hardcover,384,2014,2011,,3/17/2019,favorites,favorites (#4),read,,,,1,0
11887641,The Song of Achilles,Madeline Miller,"Miller, Madeline",,0062060619,9780062060617,5,4.38,Ecco,Hardcover,384,2012,2011,5/5/2021,3/12/2021,favorites,favorites (#3),read,,,,1,0
40536331,"Good Omens: The Nice and Accurate Prophecies of Agnes Nutter, Witch",Terry Pratchett,"Pratchett, Terry",Neil Gaiman,0062697250,9780062697257,5,4.25,William Morrow Paperbacks,Paperback,384,2019,1990,,7/2/2019,favorites,favorites (#2),read,,,,1,0
33,The Lord of the Rings,J.R.R. Tolkien,"Tolkien, J.R.R.",,,,5,4.52,Houghton Mifflin Harcourt,Paperback,1216,2005,1955,,3/16/2019,favorites,favorites (#1),read,,,,1,0
34,"The Fellowship of the Ring (The Lord of the Rings, #1)",J.R.R. Tolkien,"Tolkien, J.R.R.","Francis Ledoux, Maria Skibniewska",0618346252,9780618346257,5,4.38,Houghton Mifflin Harcourt,Paperback,398,2003,1954,,3/16/2019,,,read,,,,1,0
186074,"The Name of the Wind (The Kingkiller Chronicle, #1)",Patrick Rothfuss,"Rothfuss, Patrick",,075640407X,9780756404079,0,4.52,Penguin Group DAW,Hardcover,662,2007,2007,,5/1/2021,to-read,to-read (#102),to-read,,,,0,0
20551400,Slaughterhouse-Five,Kurt Vonnegut Jr.,"Jr., Kurt Vonnegut",,,,4,4.09,Dell / Laurel,Mass Market Paperback,215,1999,1969,4/30/2021,11/10/2019,,,read,,,,1,0
18656031,"Baptism of Fire (The Witcher, #3)",Andrzej Sapkowski,"Sapkowski, Andrzej",David French,0316219185,9780316219181,5,4.26,Orbit,Paperback,349,2014,1996,4/29/2021,4/11/2021,,,read,,,,1,0
44492285,"Dune Messiah (Dune, #2)",Frank Herbert,"Herbert, Frank",Brian Herbert,0593098234,9780593098233,0,3.89,Ace Books,Mass Market Paperback,337,2019,1969,,4/25/2021,to-read,to-read (#101),to-read,,,,0,0
126232,"Jaws (Jaws, #1)",Peter Benchley,"Benchley, Peter",,,,0,3.96,Random House,Hardcover,320,2005,1974,,4/16/2021,to-read,to-read (#100),to-read,,,,0,0
7144,Crime and Punishment,Fyodor Dostoevsky,"Dostoevsky, Fyodor","David McDuff, Joseph Frank, Fyodor Dostoyevsky",0143058142,9780143058144,0,4.25,Penguin,Paperback,671,2002,1866,,4/14/2021,to-read,to-read (#99),to-read,,,,0,0
51985,Existentialism is a Humanism,Jean-Paul Sartre,"Sartre, Jean-Paul","Arlette Elkaïm-Sartre, Annie Cohen-Solal, Carol Macomber",0300115466,9780300115468,0,3.98,Yale University Press,Paperback,122,2007,1945,,4/12/2021,to-read,to-read (#98),to-read,,,,0,0
61663,Pale Blue Dot: A Vision of the Human Future in Space,Carl Sagan,"Sagan, Carl",Ann Druyan,0345376595,9780345376596,0,4.32,Ballantine Books,Paperback,384,1997,1994,,4/11/2021,to-read,to-read (#97),to-read,,,,0,0
14781491,"The Time of Contempt (The Witcher, #2)",Andrzej Sapkowski,"Sapkowski, Andrzej",David French,0316219134,9780316219136,5,4.17,Orbit,Paperback,331,2013,1995,4/11/2021,2/7/2021,,,read,,,,1,0
51791252,The Vanishing Half,Brit Bennett,"Bennett, Brit",,,,0,4.18,Riverhead Books,Hardcover,343,2020,2020,,4/7/2021,to-read,to-read (#96),to-read,,,,0,0
77203,The Kite Runner,Khaled Hosseini,"Hosseini, Khaled",,,,0,4.33,Riverhead Books,Paperback,371,2004,2003,,4/7/2021,to-read,to-read (#95),to-read,,,,0,0
128029,A Thousand Splendid Suns,Khaled Hosseini,"Hosseini, Khaled",,1594489505,9781594489501,0,4.41,Riverhead Books,Hardcover,372,2007,2007,,4/7/2021,to-read,to-read (#94),to-read,,,,0,0
32920226,"Sing, Unburied, Sing",Jesmyn Ward,"Ward, Jesmyn",,,,0,4.02,Scribner,Hardcover,285,2017,2017,,4/7/2021,to-read,to-read (#93),to-read,,,,0,0
29780253,Born a Crime: Stories From a South African Childhood,Trevor Noah,"Noah, Trevor",,,,0,4.49,Doubleday Canada,Hardcover,289,2016,2016,,4/7/2021,to-read,to-read (#92),to-read,,,,0,0
16299,And Then There Were None,Agatha Christie,"Christie, Agatha",,0312330871,9780312330873,5,4.28,St. Martin's Press,Paperback,264,2004,1939,4/4/2021,4/3/2021,,,read,,,,1,0
168668,Catch-22,Joseph Heller,"Heller, Joseph",,0684833395,9780684833392,0,3.99,Simon & Schuster ,Paperback,453,2004,1961,,4/3/2021,to-read,to-read (#91),to-read,,,,0,0
16328,"The Murder of Roger Ackroyd (Hercule Poirot, #3)",Agatha Christie,"Christie, Agatha",Anders Mossling,1579126278,9781579126278,5,4.26,Black Dog & Leventhal Publishers,Hardcover,288,2006,1926,4/3/2021,2/13/2021,,,read,,,,1,0
20758104,"The Knife of Never Letting Go (Chaos Walking, #1)",Patrick Ness,"Ness, Patrick",,0763676187,9780763676186,0,3.97,Candlewick Press,Paperback,512,2014,2008,,4/3/2021,to-read,to-read (#90),to-read,,,,0,0
26856502,"Vengeful (Villains, #2)",V.E. Schwab,"Schwab, V.E.",,,,0,4.19,Tor,Kindle Edition,462,2018,2018,,1/17/2020,to-read,to-read (#89),to-read,,,,0,0
44303730,Me,Elton John,"John, Elton",,1250147603,9781250147608,0,4.32,Henry Holt & Company,Hardcover,374,2019,2019,,3/15/2021,to-read,to-read (#88),to-read,,,,0,0
2744,"Anansi Boys (American Gods, #2)",Neil Gaiman,"Gaiman, Neil",,0060515198,9780060515195,4,4.04,HarperCollins HarperTorch,Mass Market Paperback,387,2006,2005,3/14/2021,3/11/2021,,,read,,,,1,0
43035,White Fang,Jack London,"London, Jack",,0439236193,9780439236195,0,4,Scholastic Paperbacks,Mass Market Paperback,252,2001,1906,,1/14/2020,to-read,to-read (#87),to-read,,,,0,0
1852,The Call of the Wild,Jack London,"London, Jack",Avi,,,5,3.89,Scholastic,Mass Market Paperback,172,2001,1903,3/13/2021,1/14/2020,,,read,,,,1,0
38447,"The Handmaid's Tale (The Handmaid's Tale, #1)",Margaret Atwood,"Atwood, Margaret",,,,5,4.13,Anchor Books,Paperback,314,1998,1985,3/11/2021,12/14/2020,,,read,,,,1,0
30165203,"American Gods (American Gods, #1)",Neil Gaiman,"Gaiman, Neil",,,,5,4.11,William Morrow,Kindle Edition,635,2011,2001,3/11/2021,1/10/2021,,,read,,,,1,0
2493,The Time Machine,H.G. Wells,"Wells, H.G.","Greg Bear, Carlo Pagetti",,,4,3.9,Signet Classics,Paperback,118,2002,1895,3/10/2021,8/2/2020,,,read,,,,1,0
295,Treasure Island,Robert Louis Stevenson,"Stevenson, Robert Louis",N.C. Wyeth,0753453800,9780753453803,0,3.84,Kingfisher,Hardcover,311,2001,1883,,12/13/2020,to-read,to-read (#85),to-read,,,,0,0
29582,"Foundation and Earth (Foundation, #5)",Isaac Asimov,"Asimov, Isaac",,0553587579,9780553587579,5,4.07,Spectra,Paperback,528,2004,1986,2/28/2021,10/2/2020,,,read,,,,1,0
4143812,Discourses and Selected Writings,Epictetus,"Epictetus, Epictetus",Robert F. Dobbin,0140449469,9780140449464,0,4.42,Penguin Books,Paperback,276,2008,2,,2/26/2021,to-read,to-read (#84),to-read,,,,0,0
601239,"The Light Fantastic (Discworld, #2)",Terry Pratchett,"Pratchett, Terry",,,,4,3.99,Corgi Books,Paperback,285,1989,1986,2/24/2021,2/7/2021,,,read,,,,1,0
52765796,Every Tool's a Hammer: Life Is What You Make It,Adam Savage,"Savage, Adam",,1982113480,9781982113483,4,4.15,Atria Books,Paperback,320,2020,2019,2/19/2021,12/25/2020,,,read,,,,1,0
700460,Celtic Myths and Legends,Peter Berresford Ellis,"Ellis, Peter Berresford",,0786711078,9780786711079,0,4.1,Running Press Adult,Paperback,612,2003,1999,,2/15/2021,to-read,to-read (#83),to-read,,,,0,0
17184,The Invisible Man,H.G. Wells,"Wells, H.G.","Daniel Philpott, Дмитро Паламарчук, Микола Іванов, Герберт Веллс",0451528522,9780451528520,4,3.64,Signet Classics,Paperback,192,2002,1897,2/14/2021,12/13/2020,,,read,,,,1,0
16073252,Utopia,Thomas More,"More, Thomas","Jerry Harp, Clarence H. Miller",030018610X,9780300186109,0,3.55,Yale University Press,Paperback,232,2014,1516,,2/13/2021,to-read,to-read (#82),to-read,,,,0,0
23253083,"Flamecaster (Shattered Realms, #1)",Cinda Williams Chima,"Chima, Cinda Williams",,006238094X,9780062380944,0,4.03,HarperCollins,Hardcover,535,2016,2016,,2/13/2021,to-read,to-read (#81),to-read,,,,0,0
68428,"The Final Empire (Mistborn, #1)",Brandon Sanderson,"Sanderson, Brandon",,,9780765311788,0,4.47,Tor Books,Hardcover,541,2006,2006,,2/13/2021,to-read,to-read (#80),to-read,,,,0,0
28006120,"The Ship of the Dead (Magnus Chase and the Gods of Asgard, #3)",Rick Riordan,"Riordan, Rick",,1423160932,9781423160939,5,4.39,Disney-Hyperion Books,Hardcover,410,2017,2017,2/9/2021,2/7/2021,,,read,,,,1,0
92610,"Rocannon's World (Hainish Cycle, #1)",Ursula K. Le Guin,"Guin, Ursula K. Le",,0441732968,9780441732968,0,3.77,Ace,Paperback,144,1984,1966,,2/8/2021,to-read,to-read (#79),to-read,,,,0,0
27904311,"The Hammer of Thor (Magnus Chase and the Gods of Asgard, #2)",Rick Riordan,"Riordan, Rick",,1423160924,9781423160922,5,4.33,Disney-Hyperion Books,Hardcover,459,2016,2016,2/7/2021,3/16/2019,,,read,,,,2,0
15818476,"The Color of Magic (Discworld, #1)",Terry Pratchett,"Pratchett, Terry",,0062225677,9780062225672,5,4,Harper,Mass Market Paperback,277,2013,1983,2/7/2021,8/20/2019,,,read,,,,1,0
15724396,"The Sword of Summer (Magnus Chase and the Gods of Asgard, #1)",Rick Riordan,"Riordan, Rick",,1423160916,9781423160915,5,4.24,Disney-Hyperion Books,Hardcover,499,2015,2015,2/6/2021,3/16/2019,,,read,,,,2,0
77270,The Jungle Book,Rudyard Kipling,"Kipling, Rudyard",,0812504690,9780812504699,4,3.91,Tor Classics ,Paperback,277,1992,1894,2/5/2021,12/13/2020,,,read,,,,1,0
231804,The Outsiders,S.E. Hinton,"Hinton, S.E.",,,,5,4.11,Puffin Books (US/CAN),Mass Market Paperback,192,1997,1967,1/31/2021,12/2/2020,,,read,,,,1,0
41681,The Jungle,Upton Sinclair,"Sinclair, Upton","Earl Lee, Kathleen DeGrave",1884365302,9781884365300,4,3.76,See Sharp Press,Paperback,335,2003,1905,,1/31/2021,,,read,,,,1,0
40792913,"Altered Carbon (Takeshi Kovacs, #1)",Richard K. Morgan,"Morgan, Richard K.",,,,0,4.04,Del Rey,Kindle Edition,544,2018,2002,,1/29/2021,to-read,to-read (#78),to-read,,,,0,0
24233708,"An Absolutely Remarkable Thing (The Carls, #1)",Hank Green,"Green, Hank",,,,0,4.04,Dutton,Kindle Edition,343,2018,2018,,1/21/2021,to-read,to-read (#77),to-read,,,,0,0
6043781,"Blood of Elves (The Witcher, #1)",Andrzej Sapkowski,"Sapkowski, Andrzej",Danusia Stok,031602919X,9780316029193,5,4.1,Hachette Book Group,Mass Market Paperback,398,2009,1994,1/17/2021,11/7/2019,,,read,,,,1,0
60154,"The Sailor on the Seas of Fate (The Elric Saga, #2)",Michael Moorcock,"Moorcock, Michael",,0586208771,9780586208779,0,3.94,Grafton,Paperback,190,1989,1976,,11/1/2020,to-read,to-read (#76),to-read,,,,0,0
25318857,"Sword of Destiny (The Witcher, #0.7)",Andrzej Sapkowski,"Sapkowski, Andrzej",David  French,0316389706,9780316389709,5,4.28,Orbit,Paperback,374,2015,1992,1/7/2021,12/28/2020,,,read,,,,1,0
49970036,One Flew Over the Cuckoo's Nest,Ken Kesey,"Kesey, Ken",,,,5,4.2,Signet,Mass Market Paperback,272,1963,1962,12/25/2020,12/10/2020,,,read,,,,1,0
40603587,"The Last Wish (The Witcher, #0.5)",Andrzej Sapkowski,"Sapkowski, Andrzej",Danusia Stok,,,5,4.14,Orbit,Kindle Edition,400,2008,1993,12/18/2020,11/7/2019,,,read,,,,1,0
7126,The Count of Monte Cristo,Alexandre Dumas,"Dumas, Alexandre",Robin Buss,0140449264,9780140449266,0,4.28,Penguin Classics,Paperback,1276,2003,1844,,12/13/2020,to-read,to-read (#75),to-read,,,,0,0
16070756,Around the World in 80 Days,Jules Verne,"Verne, Jules",,,9781453053126,0,3.94,Dalmatian Press Classics,,210,2011,1872,,12/10/2020,to-read,to-read (#74),to-read,,,,0,0
24583,The Adventures of Tom Sawyer,Mark Twain,"Twain, Mark","Guy Cardwell, John Seelye, Amanda Lee, Mark Hallaq",,9780143039563,0,3.92,Penguin Classics,Paperback,244,2006,1876,,12/10/2020,to-read,to-read (#73),to-read,,,,0,0
33507,"Twenty Thousand Leagues Under the Sea (Extraordinary Voyages, #6)",Jules Verne,"Verne, Jules",Anthony Bonner,076072850X,9780760728505,0,3.89,Barnes & Noble,Hardcover,394,2002,1870,,12/10/2020,to-read,to-read (#72),to-read,,,,0,0
2932,"Robinson Crusoe (Robinson Crusoe, #1)",Daniel Defoe,"Defoe, Daniel","Virginia Woolf, Wolfgang Knape, Franciszek Mirandola, Ute Thonissen, Samuli Suomalainen, Fatoş Kaya",,,0,3.68,Modern Library,Hardcover,320,2001,1719,,12/10/2020,to-read,to-read (#71),to-read,,,,0,0
101507,The Odyssey,Homer,"Homer, Homer","E.V. Rieu, D.C.H. Rieu, Peter Jones",0140445560,9780140445565,0,3.79,Penguin Classics,Paperback,370,1992,-700,,12/10/2020,to-read,to-read (#70),to-read,,,,0,0
1911377,King Arthur and His Knights of the Round Table,Roger Lancelyn Green,"Green, Roger Lancelyn",,0613027663,9780613027663,0,3.9,Turtleback Books,Hardcover,0,1995,1953,,12/10/2020,to-read,to-read (#69),to-read,,,,0,0
261240,The Cask of Amontillado - an Edgar Allan Poe Short Story,Edgar Allan Poe,"Poe, Edgar Allan",B.J. Harrison,1594561869,9781594561863,4,4.09,BookSurge,Paperback,20,2004,1846,12/10/2020,12/10/2020,,,read,,,,1,0
41823,"Robot Visions (Robot, #0.5)",Isaac Asimov,"Asimov, Isaac",Ralph McQuarrie,0451450647,9780451450647,0,4.24,RoC,Mass Market Paperback,496,1991,1990,,9/26/2020,to-read,to-read (#68),to-read,,,,0,0
102920,Understanding Comics: The Invisible Art,Scott McCloud,"McCloud, Scott",,,,0,4,William Morrow Paperbacks,Paperback,215,1993,1993,,12/9/2020,to-read,to-read (#67),to-read,,,,0,0
175516,The Fall of the House of Usher: An Edgar Allan Poe Short Story,Edgar Allan Poe,"Poe, Edgar Allan",,1594561796,9781594561795,4,3.92,BookSurge Classics,Paperback,36,2004,1839,12/6/2020,12/6/2020,,,read,,,,1,0
52357,Beowulf,Unknown,"Unknown, Unknown","William Morris, Seamus Heaney, Chauncey Brewster Tinker, John Lesslie Hall",0393320979,9780393320978,0,3.47,W.W. Norton & Company,Paperback,245,2001,900,,12/2/2020,to-read,to-read (#66),to-read,,,,0,0
23198296,"Beowulf: A Translation and Commentary, together with Sellic Spell",Unknown,"Unknown, Unknown","J.R.R. Tolkien, Christopher Tolkien",0007590083,9780007590087,0,3.87,HarperCollins Publishers,ebook,679,2014,2014,,12/2/2020,to-read,to-read (#65),to-read,,,,0,0
17707835,The Divine Comedy,Dante Alighieri,"Alighieri, Dante",Gustave Doré,1607109913,9781607109914,0,4.07,Canterbury Classics,Leather Bound,646,2013,1320,,12/2/2020,to-read,to-read (#63),to-read,,,,0,0
438353,The Princess Bride,William Goldman,"Goldman, William",,0156035219,9780156035217,0,4.26,Harcourt Inc,Mass Market Paperback,456,2007,1973,,12/2/2020,to-read,to-read (#61),to-read,,,,0,0
40876575,Utopia for Realists: How We Can Build the Ideal World,Rutger Bregman,"Bregman, Rutger",,,,0,4.24,"Little, Brown and Company",Kindle Edition,262,2017,2014,,11/26/2020,to-read,to-read (#60),to-read,,,,0,0
3301759,The Murders in the Rue Morgue - a C. Auguste Dupin Short Story (C. Auguste Dupin #1),Edgar Allan Poe,"Poe, Edgar Allan","Delfino Cinelli, Carlos Olivera",149616640X,9781496166401,4,3.84,CreateSpace Independent Publishing Platform,Paperback,38,,1841,11/19/2020,8/30/2020,,,read,,,,2,0
76683,"Foundation's Edge (Foundation, #4)",Isaac Asimov,"Asimov, Isaac",,0553293389,9780553293388,5,4.16,Bantam/Spectra,Paperback,450,2010,1982,11/15/2020,10/2/2020,,,read,,,,1,0
264158,The Raven,Edgar Allan Poe,"Poe, Edgar Allan",Gustave Doré,0486290727,9780486290720,5,4.29,Dover Publications,Paperback,64,1996,1845,11/10/2020,11/10/2020,,,read,,,,1,0
112537,"Rendezvous with Rama (Rama, #1)",Arthur C. Clarke,"Clarke, Arthur C.",,1857231589,9781857231588,0,4.11,,Paperback,243,2000,1973,,11/5/2020,to-read,to-read (#59),to-read,,,,0,0
190999,Way Station,Clifford D. Simak,"Simak, Clifford D.",,0020248717,9780020248712,0,4.03,Collier Books,Paperback,210,1992,1988,,11/5/2020,to-read,to-read (#58),to-read,,,,0,0
286957,The Yellow Wall-Paper,Charlotte Perkins Gilman,"Gilman, Charlotte Perkins",Elaine R. Hedges,1558611584,9781558611580,4,4.12,The Feminist Press at CUNY,Paperback,64,1996,1892,11/2/2020,11/2/2020,,,read,,,,1,0
51253511,"Champion of the Titan Games (Dragonwatch, #4)",Brandon Mull,"Mull, Brandon",,1629727881,9781629727882,5,4.48,Shadow Mountain,Hardcover,535,2020,2020,11/2/2020,11/2/2020,,,read,,,,1,0
8779896,The Monkey's Paw,W.W. Jacobs,"Jacobs, W.W.",,1583419195,9781583419199,4,3.84,Creative Education,Hardcover,32,2010,1902,11/1/2020,11/1/2020,,,read,,,,1,0
204779,The Masque of the Red Death - an Edgar Allan Poe Short Story,Edgar Allan Poe,"Poe, Edgar Allan",,1594567395,9781594567391,5,4.08,BookSurge Classics,Paperback,76,2004,1842,11/1/2020,11/1/2020,,,read,,,,1,0
29580,"Second Foundation (Foundation, #3)",Isaac Asimov,"Asimov, Isaac",,0553803735,9780553803730,5,4.26,Bantam Spectra,Hardcover,256,2004,1953,11/1/2020,10/2/2020,,,read,,,,1,0
48037,Carmilla,J. Sheridan Le Fanu,"Fanu, J. Sheridan Le",,0809510839,9780809510832,4,3.83,Wildside Press,Paperback,108,2000,1872,10/30/2020,10/21/2020,,,read,,,,1,0
30688435,Exit West,Mohsin Hamid,"Hamid, Mohsin",,0735212171,9780735212176,3,3.77,Riverhead,Hardcover,231,2017,2017,10/30/2020,10/30/2020,,,read,,,,1,0
3193795,A Very Old Man with Enormous Wings,Gabriel García Márquez,"Márquez, Gabriel García",,,,0,3.86,,,16,1968,1968,,10/26/2020,to-read,to-read (#57),to-read,,,,0,0
8158028,The Works of Edgar Allan Poe: Volume 1 (The Works of Edgar Allan Poe #1),Edgar Allan Poe,"Poe, Edgar Allan",,,,0,4.35,Amazon Digital Services,Kindle Edition,206,2006,1894,,10/18/2020,to-read,to-read (#56),to-read,,,,0,0
10562870,The Works of Edgar Allen Poe Volume 2,Edgar Allan Poe,"Poe, Edgar Allan",,,2940012635389,0,4.38,Yellow Dress Publishers,Nook,160,2011,1903,,10/18/2020,to-read,to-read (#55),to-read,,,,0,0
30036,"Elric of Melniboné (The Elric Saga, #1)",Michael Moorcock,"Moorcock, Michael",,0441203981,9780441203987,4,3.89,Ace Books,Mass Market Paperback,181,1987,1972,10/18/2020,9/26/2020,,,read,,,,1,0
11371,It Can't Happen Here,Sinclair Lewis,"Lewis, Sinclair",,045121658X,9780451216588,0,3.78,NAL Trade,Paperback,400,2005,1935,,10/14/2020,to-read,to-read (#53),to-read,,,,0,0
93007,The Merry Adventures of Robin Hood,Howard Pyle,"Pyle, Howard",,1595406557,9781595406552,5,4.07,1st World Library - Literary Society,Paperback,400,2004,1883,10/11/2020,5/4/2020,,,read,,,,1,0
76679,Forward the Foundation (Foundation: Prequel #2),Isaac Asimov,"Asimov, Isaac",,0553565079,9780553565072,0,4.15,Bantam/Spectra,Paperback,464,1994,1993,,10/2/2020,to-read,to-read (#52),to-read,,,,0,0
30013,Prelude to Foundation,Isaac Asimov,"Asimov, Isaac",,,,0,4.15,Voyager,Paperback,464,1994,1988,,10/2/2020,to-read,to-read (#51),to-read,,,,0,0
29581,"Foundation and Empire (Foundation, #2)",Isaac Asimov,"Asimov, Isaac",,0553803727,9780553803723,5,4.22,Spectra Books,Hardcover,244,2004,1952,10/2/2020,9/8/2019,,,read,,,,1,0
131359,"Death on the Nile (Hercule Poirot, #16)",Agatha Christie,"Christie, Agatha",,,,5,4.12,Bantam Books,Paperback,352,1978,1937,9/29/2020,9/27/2020,,,read,,,,1,0
601299,Don Quixote,Miguel de Cervantes Saavedra,"Saavedra, Miguel de Cervantes","Stephen F. Boyd, P.A. Motteux",1853260363,9781853260360,0,3.89,Wordsworth Editions Ltd,Paperback,765,1997,1605,,5/9/2020,to-read,to-read (#50),to-read,,,,0,0
2429135,"The Girl with the Dragon Tattoo (Millennium, #1)",Stieg Larsson,"Larsson, Stieg",Reg Keeland,,,0,4.16,Knopf,Hardcover,480,2008,2005,,9/25/2020,to-read,to-read (#49),to-read,,,,0,0
16322,"The A.B.C. Murders (Hercule Poirot, #12)",Agatha Christie,"Christie, Agatha",,1579126243,9781579126247,5,4.03,Black Dog & Leventhal Publishers,Hardcover,232,2006,1936,9/14/2020,9/13/2020,,,read,,,,1,0
14497,"Neverwhere (London Below, #1)",Neil Gaiman,"Gaiman, Neil",,0060557818,9780060557812,0,4.17,William Morrow Paperbacks,Paperback,370,2003,1996,,9/14/2020,to-read,to-read (#48),to-read,,,,0,0
40180021,Naked Economics: Undressing the Dismal Science,Charles Wheelan,"Wheelan, Charles",,0393356493,9780393356496,5,4.02,W. W. Norton  Company,Paperback,400,2019,2002,9/10/2020,7/19/2020,,,read,,,,1,0
853510,"Murder on the Orient Express (Hercule Poirot, #9)",Agatha Christie,"Christie, Agatha",,0007119313,9780007119318,5,4.2,HarperCollins,Paperback,274,2007,1934,9/7/2020,7/13/2020,,,read,,,,1,0
2213661,The Graveyard Book,Neil Gaiman,"Gaiman, Neil",Dave McKean,0060530928,9780060530921,0,4.15,HarperCollins,Hardcover,312,2008,2008,,9/6/2020,to-read,to-read (#47),to-read,,,,0,0
13369533,The Old Ways: A Journey on Foot,Robert Macfarlane,"Macfarlane, Robert",,0241143810,9780241143810,0,4.14,Hamish Hamilton,Hardcover,433,2012,2012,,9/2/2020,to-read,to-read (#46),to-read,,,,0,0
16343,"The Mysterious Affair at Styles (Hercule Poirot, #1)",Agatha Christie,"Christie, Agatha",,0646418432,9780646418438,4,4,Deodand,Paperback,121,2002,1920,8/30/2020,8/22/2020,,,read,,,,2,0
99245,Nightfall,Isaac Asimov,"Asimov, Isaac",Robert Silverberg,0553290991,9780553290998,5,4.05,Bantam Books,Paperback,339,2012,1990,8/18/2020,3/16/2019,,,read,,,,1,0
32559,The Fall of the House of Usher and Other Tales,Edgar Allan Poe,"Poe, Edgar Allan",Stephen Marlowe,0451526759,9780451526755,0,4.17,Signet Classics,Paperback,400,1998,1849,,8/16/2020,to-read,to-read (#45),to-read,,,,0,0
76778,The Martian Chronicles,Ray Bradbury,"Bradbury, Ray",,0553278223,9780553278224,5,4.15,Bantam/Spectra,Mass Market Paperback,182,1984,1950,8/15/2020,7/6/2020,,,read,,,,1,0
15769,"The Bourne Supremacy (Jason Bourne, #2)",Robert Ludlum,"Ludlum, Robert",,0752863886,9780752863887,0,4.11,Orion,Mass Market Paperback,688,2004,1986,,8/11/2020,to-read,to-read (#44),to-read,,,,0,0
236093,"The Wonderful Wizard of Oz (Oz, #1)",L. Frank Baum,"Baum, L. Frank","Жечка Георгиева, W.W. Denslow, У.У. Денслоу",0140621679,9780140621679,4,3.99,Penguin,Paperback,154,1995,1900,8/9/2020,8/7/2020,,,read,,,,1,0
39798828,The Fall of Gondolin (Middle-Earth Universe),J.R.R. Tolkien,"Tolkien, J.R.R.","Christopher Tolkien, Alan       Lee",1328613046,9781328613042,0,4.06,Houghton Mifflin Harcourt,Hardcover,304,2018,2018,,8/7/2020,to-read,to-read (#42),to-read,,,,0,0
41015249,Beren and Lúthien,J.R.R. Tolkien,"Tolkien, J.R.R.",,,,0,4.02,Houghton Mifflin Harcourt,Kindle Edition,321,2017,2017,,8/7/2020,to-read,to-read (#41),to-read,,,,0,0
597790,The Children of Húrin,J.R.R. Tolkien,"Tolkien, J.R.R.","Christopher Tolkien, Alan       Lee",0007246226,9780007246229,0,4,HarperCollins,Hardcover,315,2007,2007,,8/7/2020,to-read,to-read (#40),to-read,,,,0,0
4934,The Brothers Karamazov,Fyodor Dostoevsky,"Dostoevsky, Fyodor","Richard Pevear, Larissa Volokhonsky, Borut Kraševec, Ива Николова",,,0,4.35,"Farrar, Straus and Giroux",Paperback,796,2002,1879,,8/4/2020,to-read,to-read (#39),to-read,,,,0,0
3636,"The Giver (The Giver, #1)",Lois Lowry,"Lowry, Lois",,0385732554,9780385732550,5,4.13,Ember,Paperback,208,2006,1993,8/2/2020,3/16/2019,,,read,,,,2,0
42046112,Recursion,Blake Crouch,"Crouch, Blake",,1524759783,9781524759780,0,4.16,Crown Publishing Group (NY),Hardcover,336,2019,2019,,8/2/2020,to-read,to-read (#38),to-read,,,,0,0
2921082,"The Maze of Bones  (The 39 Clues, #1)",Rick Riordan,"Riordan, Rick",,0545060397,9780545060394,4,3.86,"Scholastic, Inc.",Hardcover,220,2008,2008,,8/2/2020,,,read,,,,1,0
284440,"Skulduggery Pleasant (Skulduggery Pleasant, #1)",Derek Landy,"Landy, Derek",Tom Percival,0061231150,9780061231155,0,4.18,HarperCollins,Hardcover,392,2007,2007,,8/2/2020,to-read,to-read (#37),to-read,,,,0,0
13228487,"The Dragonet Prophecy (Wings of Fire, #1)",Tui T. Sutherland,"Sutherland, Tui T.",,0545349184,9780545349185,4,4.25,Scholastic Press,Hardcover,336,2012,2012,,8/2/2020,,,read,,,,1,0
249747,"Artemis Fowl (Artemis Fowl, #1)",Eoin Colfer,"Colfer, Eoin",,,,5,3.86,Disney-Hyperion,Paperback,396,2003,2001,,8/2/2020,,,read,,,,1,0
77566,"Hyperion (Hyperion Cantos, #1)",Dan Simmons,"Simmons, Dan","Gary Ruddell, Gaetano Luigi Staffilano",0553283685,9780553283686,0,4.25,Bantam Doubleday Dell Publishing Group,Mass Market Paperback,500,1990,1989,,8/2/2020,to-read,to-read (#36),to-read,,,,0,0
4556058,"The Last Olympian (Percy Jackson and the Olympians, #5)",Rick Riordan,"Riordan, Rick",,1423101472,9781423101475,5,4.53,Disney-Hyperion Books,Hardcover,381,2009,2009,,8/2/2020,,,read,,,,1,0
2120932,"The Battle of the Labyrinth (Percy Jackson and the Olympians, #4)",Rick Riordan,"Riordan, Rick",,,,5,4.41,Hyperion Books for Children,Hardcover,361,2008,2008,,3/16/2019,,,read,,,,1,0
561456,"The Titan's Curse (Percy Jackson and the Olympians, #3)",Rick Riordan,"Riordan, Rick",,0141382899,9780141382890,5,4.36,Puffin Books,Paperback,320,2007,2007,,8/2/2020,,,read,,,,1,0
28186,"The Sea of Monsters (Percy Jackson and the Olympians, #2)",Rick Riordan,"Riordan, Rick",,0786856866,9780786856862,5,4.24,Hyperion Books,Hardcover,279,2006,2006,,8/2/2020,,,read,,,,1,0
18705209,"The Blood of Olympus (The Heroes of Olympus, #5)",Rick Riordan,"Riordan, Rick",,1484724917,9781423146735,5,4.43,Disney-Hyperion Books,Hardcover,516,2014,2014,,8/2/2020,,,read,,,,1,0
12127810,"The House of Hades (The Heroes of Olympus, #4)",Rick Riordan,"Riordan, Rick",,1423146727,9781423146728,5,4.55,Disney-Hyperion Books,Hardcover,597,2013,2013,,8/2/2020,,,read,,,,1,0
12127750,"The Mark of Athena (The Heroes of Olympus, #3)",Rick Riordan,"Riordan, Rick",,1423140605,9781423140603,4,4.46,Disney-Hyperion Books,Hardcover,586,2012,2012,,8/2/2020,,,read,,,,1,0
9520360,"The Son of Neptune (The Heroes of Olympus, #2)",Rick Riordan,"Riordan, Rick",,1423140591,9781423140597,5,4.42,Disney-Hyperion Books,Hardcover,521,2011,2011,,8/2/2020,,,read,,,,1,0
7736182,"The Lost Hero (The Heroes of Olympus, #1)",Rick Riordan,"Riordan, Rick",,142311339X,9781423113393,5,4.32,Disney-Hyperion Books,Hardcover,553,2010,2010,,8/2/2020,,,read,,,,1,0
70787,The Bicentennial Man and Other Stories,Isaac Asimov,"Asimov, Isaac",,1857989325,9781857989328,5,4.13,Millennium,Paperback,211,2000,1976,8/2/2020,7/26/2020,,,read,,,,1,0
14743396,Frankenstein,Mary Wollstonecraft Shelley,"Shelley, Mary Wollstonecraft",,9781435136,,4,3.84,"Barnes & Noble, Inc.",Leather Bound,207,2012,1818,7/29/2020,5/9/2020,,,read,,,,1,0
2062034,Staring at the Sun: Overcoming the Terror of Death,Irvin D. Yalom,"Yalom, Irvin D.",Ірвін Ялом,0787996688,9780787996680,0,4.22,Jossey-Bass,Hardcover,306,2008,2008,,7/23/2020,to-read,to-read (#35),to-read,,,,0,0
414999,Childhood's End,Arthur C. Clarke,"Clarke, Arthur C.",,,,0,4.11,Del Rey Books,Mass Market Paperback,224,1987,1953,,7/22/2020,to-read,to-read (#34),to-read,,,,0,0
656,War and Peace,Leo Tolstoy,"Tolstoy, Leo","Henry Gifford, Aylmer Maude, Louise Maude",,,0,4.15,Oxford University Press,Paperback,1392,1998,1869,,7/21/2020,to-read,to-read (#33),to-read,,,,0,0
72485,Dracula,Bram Stoker,"Stoker, Bram",Brooke Allen,1593081146,9781593081140,5,4.01,Barnes & Noble,Paperback,417,2004,1897,7/19/2020,5/6/2020,,,read,,,,1,0
13079982,Fahrenheit 451,Ray Bradbury,"Bradbury, Ray",,,,4,3.98,Simon & Schuster,Kindle Edition,194,2011,1953,,7/6/2020,,,read,,,,1,0
316845,"The Sword in the Stone (The Once and Future King, #1)",T.H. White,"White, T.H.",,000675399X,9780006753995,0,3.9,Collins,Paperback,352,1998,1938,,6/14/2020,to-read,to-read (#32),to-read,,,,0,0
70535,2001: A Space Odyssey,Arthur C. Clarke,"Clarke, Arthur C.",,0451457994,9780451457998,5,4.16,Roc,Paperback,297,2000,1968,5/8/2020,3/1/2020,,,read,,,,1,0
6440,Ivanhoe,Walter Scott,"Scott, Walter","Graham Tulloch, Walter Brendel",,,0,3.75,Penguin Books /Penguin Classics,Paperback,496,2000,1819,,5/4/2020,to-read,to-read (#31),to-read,,,,0,0
790316,"The Bourne Identity (Jason Bourne, #1)",Robert Ludlum,"Ludlum, Robert",,0399900705,9780399900709,5,4.04,Richard Marek Publishers,Hardcover,523,1980,1980,5/4/2020,5/2/2020,,,read,,,,1,0
101703,"The Voyage of the Dawn Treader (Chronicles of Narnia, #5)",C.S. Lewis,"Lewis, C.S.",,0590254790,9780590254793,5,4.09,Scholastic,Paperback,248,1995,1952,,4/30/2020,,,read,,,,1,0
638211,Prince Caspian,C.S. Lewis,"Lewis, C.S.",Pauline Baynes,0064405001,9780064405003,4,3.98,HarperCollins,Paperback,223,2008,1951,,4/30/2020,,,read,,,,1,0
23754,"Preludes & Nocturnes (The Sandman, #1)",Neil Gaiman,"Gaiman, Neil","Sam Kieth, Mike Dringenberg, Malcolm Jones III, Todd Klein, Karen  Berger, Daniel Vozzo",1563892278,9781563892271,0,4.24,Vertigo,Hardcover,233,1998,1988,,4/29/2020,to-read,to-read (#30),to-read,,,,0,0
369007,"The Last Battle (Chronicles of Narnia, #7)",C.S. Lewis,"Lewis, C.S.",,0590254812,9780590254816,5,4.01,Scholastic Inc,Paperback,211,1995,1956,4/28/2020,4/27/2020,,,read,,,,1,0
23613,"Sir Gawain and the Green Knight, Pearl, and Sir Orfeo",Unknown,"Unknown, Unknown","J.R.R. Tolkien, Christopher Tolkien",,,0,3.97,HarperCollins Publishers,Paperback,158,1995,1400,,4/28/2020,to-read,to-read (#29),to-read,,,,0,0
43235810,"The Silver Chair (Chronicles of Narnia, #4)",C.S. Lewis,"Lewis, C.S.",Pauline Baynes,0064405044,9780064405041,4,3.96,HarperCollins,Paperback,243,2008,1953,4/26/2020,4/26/2020,,,read,,,,1,0
12403819,Dagon,H.P. Lovecraft,"Lovecraft, H.P.",,,,3,3.7,,Kindle Edition,15,2011,1917,4/25/2020,4/25/2020,,,read,,,,2,0
36282787,The Tomb,H.P. Lovecraft,"Lovecraft, H.P.",Massimo Cimarelli,,,4,3.54,Volume Edizioni s.r.l.,Kindle Edition,46,2012,1917,4/25/2020,4/25/2020,,,read,,,,1,0
1411154,Screwtape Letters,C.S. Lewis,"Lewis, C.S.",,0553249096,9780553249095,5,4.25,Bantam Books,Paperback,93,1982,1942,4/22/2020,4/21/2020,,,read,,,,1,0
824844,Return from Tomorrow,George G. Ritchie,"Ritchie, George G.",Elizabeth Sherrill,080078412X,9780800784126,0,4.25,Fleming H. Revell Company,Paperback,128,1996,1978,,4/21/2020,to-read,to-read (#28),to-read,,,,0,0
31360,"Children of the Mind (Ender's Saga, #4)",Orson Scott Card,"Card, Orson Scott",,0765304740,9780765304742,4,3.77,Tor Books,Paperback,370,2002,1996,4/19/2020,3/5/2020,,,read,,,,1,0
8500838,"The Hunt for Red October (Jack Ryan, #3)",Tom Clancy,"Clancy, Tom",,0425240339,9780425240335,5,4.1,Berkley,Paperback,654,2010,1984,,6/30/2019,,,read,,,,1,0
12432220,"The False Prince (Ascendance, #1)",Jennifer A. Nielsen,"Nielsen, Jennifer A.",,0545284139,9780545284134,5,4.22,"Scholastic, Inc.",Hardcover,342,2012,2012,,4/18/2020,,,read,,,,1,0
8648,"Xenocide (Ender's Saga, #3)",Orson Scott Card,"Card, Orson Scott",,0312861877,9780312861872,5,3.81,Tor Books,Mass Market Paperback,592,1996,1991,,8/18/2019,,,read,,,,1,0
890,Of Mice and Men,John Steinbeck,"Steinbeck, John",,0142000671,9780142000670,3,3.88,Penguin Books,Paperback,112,2002,1937,,4/6/2020,,,read,,,,1,0
2657,To Kill a Mockingbird,Harper Lee,"Lee, Harper",,,,5,4.27,Harper Perennial Modern Classics ,Paperback,336,2006,1960,,4/6/2020,,,read,,,,1,0
170448,Animal Farm,George Orwell,"Orwell, George","Russell Baker, C.M. Woodhouse",0451526341,9780451526342,4,3.98,Signet Classics,Mass Market Paperback,141,1996,1945,,4/6/2020,,,read,,,,1,0
40961427,1984,George Orwell,"Orwell, George",,,,4,4.19,Houghton Mifflin Harcourt,Kindle Edition,298,2013,1949,,9/19/2019,,,read,,,,1,0
1112132,The Scarlet Pimpernel,Emmuska Orczy,"Orczy, Emmuska",,1403709882,9781403709882,3,4.07,Dalmatian Press,Hardcover,273,2005,1905,,4/5/2020,,,read,,,,1,0
43822024,"The Toll (Arc of a Scythe, #3)",Neal Shusterman,"Shusterman, Neal",,1481497065,9781481497060,0,4.21,Simon & Schuster Books for Young Readers,Hardcover,625,2019,2019,,4/5/2020,to-read,to-read (#27),to-read,,,,0,0
33555224,"Thunderhead (Arc of a Scythe, #2)",Neal Shusterman,"Shusterman, Neal",,1442472456,9781442472457,5,4.42,Simon & Schuster Books for Young Readers,Hardcover,504,2018,2018,,12/22/2019,,,read,,,,1,0
38508766,The Skeptics' Guide to the Universe: How to Know What's Really Real in a World Increasingly Full of Fake,Steven Novella,"Novella, Steven","Bob Novella, Cara Santa Maria, Jay Novella, Evan Bernstein",1538760533,9781538760536,5,4.42,Grand Central Publishing,Hardcover,512,2018,2018,,8/20/2019,,,read,,,,1,0
672875,Le Morte d'Arthur: King Arthur and the Legends of the Round Table,Thomas Malory,"Malory, Thomas","Keith Baines, Robert Graves",0451528166,9780451528162,0,3.92,Signet Classics,Mass Market Paperback,512,2001,1485,,3/15/2020,to-read,to-read (#26),to-read,,,,0,0
28421168,"Renegades (Renegades, #1)",Marissa Meyer,"Meyer, Marissa",,1250044669,9781250044662,0,4.15,Feiwel & Friends,Hardcover,552,2017,2017,,3/14/2020,to-read,to-read (#25),to-read,,,,0,0
36566469,"The Frequency of Aliens (Sorrow Falls, #2)",Gene Doucette,"Doucette, Gene",,,,0,4.19,,Kindle Edition,446,2017,2017,,3/3/2020,to-read,to-read (#24),to-read,,,,0,0
38242137,"The Spaceship Next Door (Sorrow Falls, #1)",Gene Doucette,"Doucette, Gene",,132856746X,9781328567468,5,3.99,Mariner Books,Paperback,353,2018,2015,,7/8/2019,,,read,,,,1,0
22904,The Complete Stories,Franz Kafka,"Kafka, Franz","John Updike, Nahum N. Glatzer, Willa Muir, Edwin Muir, Tania Stern, James Stern, Ernst Kaiser, Eithne Wilkins",,,0,4.34,Schocken,Paperback,486,1995,1946,,2/27/2020,to-read,to-read (#22),to-read,,,,0,0
12980161,"Path of Beasts (The Keepers, #3)",Lian Tanner,"Tanner, Lian",,,,5,4.16,,Hardcover,337,2012,2012,,1/31/2020,,,read,,,,1,0
10114276,"City of Lies (The Keepers, #2)",Lian Tanner,"Tanner, Lian",,0385739060,9780385739061,5,4.03,Delacorte Books for Young Readers,Hardcover,278,2011,2011,,1/31/2020,,,read,,,,1,0
7507920,"Museum of Thieves (The Keepers, #1)",Lian Tanner,"Tanner, Lian",,0385739052,9780385739054,5,3.92,Delacorte Press,Hardcover,312,2010,2010,,1/31/2020,,,read,,,,1,0
40874032,"Vicious (Villains, #1)",V.E. Schwab,"Schwab, V.E.",,,,5,4.23,Tor Books,Kindle Edition,366,2013,2013,,7/7/2019,,,read,,,,1,0
2612,The Tipping Point: How Little Things Can Make a Big Difference,Malcolm Gladwell,"Gladwell, Malcolm",,0316346624,9780316346627,3,3.99,Time Warner Book Group,Paperback,301,2002,2000,,9/4/2019,,,read,,,,1,0
28954189,"Scythe (Arc of a Scythe, #1)",Neal Shusterman,"Shusterman, Neal",,,,5,4.33,Simon Schuster Books for Young Readers,Hardcover,435,2016,2016,,8/18/2019,,,read,,,,1,0
34638060,Cthulhu Mythos Tales,H.P. Lovecraft,"Lovecraft, H.P.",,1684121337,9781684121335,0,4.12,Canterbury Classics,Flexibound,615,2017,1940,,12/20/2019,to-read,to-read (#21),to-read,,,,0,0
7235533,"The Way of Kings (The Stormlight Archive, #1)",Brandon Sanderson,"Sanderson, Brandon",,0765326353,9780765326355,5,4.65,Tor Books,Hardcover,1007,2010,2010,,3/17/2019,,,read,,,,1,0
28862,The Prince,Niccolò Machiavelli,"Machiavelli, Niccolò","Rufus Goodwin, Benjamin Martinez, W.K. Marriott, Denis Daly, Μαρία Κασωτάκη",0937832383,9780937832387,0,3.83,Dante University of America Press,Paperback,140,2003,1513,,11/17/2019,to-read,to-read (#20),to-read,,,,0,0
41821,The Gods Themselves,Isaac Asimov,"Asimov, Isaac",,1857989341,9781857989342,4,4.09,Millenium,Paperback,288,2000,1972,,8/29/2019,,,read,,,,1,0
41817481,Underland: A Deep Time Journey,Robert Macfarlane,"Macfarlane, Robert",,0393242145,9780393242140,0,4.22,W.W. Norton & Company,Hardcover,496,2019,2019,,11/11/2019,to-read,to-read (#19),to-read,,,,0,0
5043,"The Pillars of the Earth (Kingsbridge, #1)",Ken Follett,"Follett, Ken",,,,0,4.33,NAL Trade,Paperback,976,2002,1989,,11/1/2019,to-read,to-read (#18),to-read,,,,0,0
40864763,The Chosen (Contender #1),Taran Matharu,"Matharu, Taran",,1250138701,9781250138705,4,3.81,Feiwel & Friends ,Hardcover,368,2019,2019,,5/28/2019,,,read,,,,1,0
44025146,"Master of the Phantom Isle (Dragonwatch, #3)",Brandon Mull,"Mull, Brandon",,1629726168,9781629726168,5,4.43,Shadow Mountain,Audio CD,490,2019,2019,,9/20/2019,,,read,,,,1,0
8146619,The Right Stuff,Tom Wolfe,"Wolfe, Tom",,,,5,4.22,,Kindle Edition,369,2004,1979,,7/7/2019,,,read,,,,1,0
42086897,How To: Absurd Scientific Advice for Common Real-World Problems,Randall Munroe,"Munroe, Randall",,1473680336,9781473680333,5,4.15,John Murray,Paperback,308,2019,2019,,8/26/2019,,,read,,,,1,0
1617,"Night  (The Night Trilogy, #1)",Elie Wiesel,"Wiesel, Elie","Marion Wiesel, François Mauriac",,,4,4.36,Hill & Wang,Paperback,115,2006,1956,,10/6/2019,,,read,,,,1,0
8664353,"Unbroken: A World War II Story of Survival, Resilience and Redemption",Laura Hillenbrand,"Hillenbrand, Laura",,1400064163,9781400064168,5,4.37,Random House,Hardcover,492,2010,2010,,9/1/2019,,,read,,,,1,0
12974372,"A Natural History of Dragons (The Memoirs of Lady Trent, #1)",Marie Brennan,"Brennan, Marie",,0765331969,9780765331960,0,3.84,Tor Books,Hardcover,334,2013,2013,,10/6/2019,to-read,to-read (#16),to-read,,,,0,0
46223297,Permanent Record,Edward Snowden,"Snowden, Edward",,1250237238,9781250237231,0,4.31,Metropolitan Books,Hardcover,339,2019,2019,,9/20/2019,to-read,to-read (#15),to-read,,,,0,0
29579,"Foundation (Foundation, #1)",Isaac Asimov,"Asimov, Isaac",,0553803719,9780553803716,4,4.17,Bantam,Hardcover,244,2004,1951,,3/16/2019,,,read,,,,1,0
6545608,The Perfect Storm: A True Story of Men Against the Sea,Sebastian Junger,"Junger, Sebastian",,0393337014,9780393337013,0,4.11,W. W. Norton & Company,Paperback,248,2009,1997,,9/4/2019,to-read,to-read (#14),to-read,,,,0,0
40277241,Brief Answers to the Big Questions,Stephen Hawking,"Hawking, Stephen",,1984819194,9781984819192,0,4.29,Bantam,Hardcover,256,2018,2018,,9/4/2019,to-read,to-read (#13),to-read,,,,0,0
228665,"The Eye of the World (The Wheel of Time, #1)",Robert Jordan,"Jordan, Robert",Роберт Джордан,0812511816,9780812511819,0,4.19,Tor Books,Mass Market Paperback,800,1990,1990,,8/20/2019,to-read,to-read (#12),to-read,,,,0,0
156785,Diaspora,Greg Egan,"Egan, Greg",,3453161815,9783453161818,5,4.13,Heyne,Paperback,443,2000,1997,,7/7/2019,,,read,,,,1,0
32758901,"All Systems Red (The Murderbot Diaries, #1)",Martha Wells,"Wells, Martha",,,,0,4.16,Tor.com,ebook,144,2017,2017,,8/18/2019,to-read,to-read (#11),to-read,,,,0,0
49552,The Stranger,Albert Camus,"Camus, Albert",Matthew  Ward,,,0,4.01,Vintage International,Paperback,159,1989,1942,,8/18/2019,to-read,to-read (#10),to-read,,,,0,0
24280,Les Misérables,Victor Hugo,"Hugo, Victor","Norman MacAfee, Charles E. Wilbour, Lee Fahnestock, Isabel Florence Hapgood",,,0,4.19,Penguin,Mass Market Paperback,1463,1987,1862,,8/18/2019,to-read,to-read (#9),to-read,,,,0,0
15795155,Bad Pharma: How Drug Companies Mislead Doctors and Harm Patients,Ben Goldacre,"Goldacre, Ben",,0865478007,9780865478008,0,4.1,"Farrar, Straus and Giroux",Hardcover,448,2013,2012,,8/18/2019,to-read,to-read (#8),to-read,,,,0,0
3272165,Bad Science,Ben Goldacre,"Goldacre, Ben",,0007240198,9780007240197,0,4.06,HarperCollins Publishers,Paperback,338,2008,2008,,8/18/2019,to-read,to-read (#7),to-read,,,,0,0
6693332,"The Necromancer  (The Secrets of the Immortal Nicholas Flamel, #4)",Michael Scott,"Scott, Michael",,0385905165,9780385905169,4,4.13,Delacorte Books for Young Readers,Hardcover,416,2010,2010,,8/18/2019,,,read,,,,1,0
4588949,"The Sorceress (The Secrets of the Immortal Nicholas Flamel, #3)",Michael Scott,"Scott, Michael",,0385735294,9780385735292,4,4.11,Delacorte Press,Hardcover,502,2009,2009,,8/18/2019,,,read,,,,1,0
2402971,"The Magician (The Secrets of the Immortal Nicholas Flamel, #2)",Michael Scott,"Scott, Michael",,0385733585,9780385733588,4,4.1,Delacorte Press,Hardcover,464,2008,2008,,8/18/2019,,,read,,,,1,0
26836910,"The Diabolic (The Diabolic, #1)",S.J. Kincaid,"Kincaid, S.J.",,,,0,4.05,Simon & Schuster Books for Young Readers,Kindle Edition,416,2016,2016,,8/18/2019,to-read,to-read (#6),to-read,,,,0,0
17466707,"Allies (Insignia, #1.5)",S.J. Kincaid,"Kincaid, S.J.",,,,0,4.05,Katherine Tegen Books,Kindle Edition,48,2013,2013,,8/18/2019,to-read,to-read (#5),to-read,,,,0,0
28187,"The Lightning Thief (Percy Jackson and the Olympians, #1)",Rick Riordan,"Riordan, Rick",,,,4,4.29,Disney Hyperion Books,Paperback,377,2006,2005,,8/18/2019,,,read,,,,1,0
7967,"Speaker for the Dead (Ender's Saga, #2)",Orson Scott Card,"Card, Orson Scott",,0812550757,9780812550757,5,4.09,Tor Books,Paperback,382,1994,1986,,5/7/2019,,,read,,,,1,0
20310635,"Island of Legends (Unwanteds, #4)",Lisa McMann,"McMann, Lisa",,1442493283,9781442493285,3,4.38,Aladdin,Hardcover,496,2014,2014,,8/4/2019,,,read,,,,1,0
22546129,"Island of Shipwrecks (Unwanteds, #5)",Lisa McMann,"McMann, Lisa",,1442493313,9781442493315,3,4.41,Aladdin,Hardcover,464,2015,2015,,8/4/2019,,,read,,,,1,0
18778918,The Unwanteds: The Unwanteds; Island of Silence; Island of Fire,Lisa McMann,"McMann, Lisa",,1481421883,9781481421881,4,4.67,Aladdin,Paperback,1328,2014,2013,,8/4/2019,,,read,,,,1,0
20310637,Space Case,Stuart Gibbs,"Gibbs, Stuart",,1442494875,9781442494879,3,4.28,Simon  Schuster Books for Young Readers,Paperback,368,2015,2014,,8/4/2019,,,read,,,,1,0
10803222,"Pathfinder (Pathfinder, #1)",Orson Scott Card,"Card, Orson Scott",,1416991794,9781416991793,3,4,Margaret K. McElderry Books,Paperback,662,2011,2010,,8/4/2019,,,read,,,,1,0
21456821,"Scorpion Mountain (Brotherband Chronicles, #5)",John Flanagan,"Flanagan, John",,044087081X,9780440870814,5,4.42,Yearling,Paperback,480,2014,2014,,8/4/2019,,,read,,,,1,0
34051480,The Ghostfaces (Brotherband Chronicles #6),John Flanagan,"Flanagan, John",,0606400893,9780606400893,5,4.4,Turtleback Books,Hardcover,416,2017,2016,,8/4/2019,,,read,,,,1,0
34495980,The Caldera (Brotherband Chronicles #7),John Flanagan,"Flanagan, John",,0399163581,9780399163586,5,4.32,Viking Books for Young Readers,Hardcover,432,2017,2017,,8/4/2019,,,read,,,,1,0
12893742,"The Serpent's Shadow (The Kane Chronicles, #3)",Rick Riordan,"Riordan, Rick",,1423140575,9781423140573,5,4.29,Hyperion Books,Hardcover,406,2012,2012,,8/4/2019,,,read,,,,1,0
38903002,"Wrath of the Dragon King (Dragonwatch, #2)",Brandon Mull,"Mull, Brandon",,1629724866,9781629724867,5,4.41,Shadow Mountain,Hardcover,416,2018,2018,,8/4/2019,,,read,,,,1,0
35297447,Dragonwatch (Dragonwatch #1),Brandon Mull,"Mull, Brandon",,1481485024,9781481485029,4,4.34,Aladdin,Paperback,384,2018,2017,,8/4/2019,,,read,,,,1,0
7933811,Percy Jackson and the Olympians,Rick Riordan,"Riordan, Rick",,142314189X,9781423141891,5,4.6,Hyperion Books,Hardcover,1744,2010,2009,,8/4/2019,,,read,,,,1,0
365,"Dirk Gently's Holistic Detective Agency (Dirk Gently, #1)",Douglas Adams,"Adams, Douglas",,,,3,3.97,Pocket Books,Mass Market Paperback,306,2002,1987,,3/16/2019,,,read,,,,1,0
1,"Harry Potter and the Half-Blood Prince (Harry Potter, #6)",J.K. Rowling,"Rowling, J.K.",,,,5,4.58,Scholastic Inc.,Paperback,652,2006,2005,,7/28/2019,,,read,,,,1,0
2,"Harry Potter and the Order of the Phoenix (Harry Potter, #5)",J.K. Rowling,"Rowling, J.K.",Mary GrandPré,,,5,4.5,Scholastic Inc.,Paperback,912,2004,2003,,7/28/2019,,,read,,,,1,0
6,"Harry Potter and the Goblet of Fire (Harry Potter, #4)",J.K. Rowling,"Rowling, J.K.","Mary GrandPré, Jim Kay",,,5,4.57,Scholastic,Paperback,734,2002,2000,,7/28/2019,,,read,,,,1,0
5,"Harry Potter and the Prisoner of Azkaban (Harry Potter, #3)",J.K. Rowling,"Rowling, J.K.",Mary GrandPré,043965548X,9780439655484,5,4.58,Scholastic Inc.,Mass Market Paperback,435,2004,1999,,7/28/2019,,,read,,,,1,0
15881,"Harry Potter and the Chamber of Secrets (Harry Potter, #2)",J.K. Rowling,"Rowling, J.K.",Mary GrandPré,,,5,4.43,Arthur A. Levine Books,Hardcover,341,1999,1998,,7/28/2019,,,read,,,,1,0
34702209,The Outcast (Summoner #0),Taran Matharu,"Matharu, Taran",,1444939068,9781444939064,4,4.2,Hodder Children's Books,Hardcover,400,2018,2018,,5/28/2019,,,read,,,,1,0
41811,"The Caves of Steel (Robot, #1)",Isaac Asimov,"Asimov, Isaac",,,,4,4.18,Voyager,Mass Market Paperback,206,1997,1953,,3/17/2019,,,read,,,,1,0
23008136,Things to Make and Do in the Fourth Dimension,Matt    Parker,"Parker, Matt",,,9781846147647,0,4.18,Particular Books,Hardcover,455,2014,2014,,7/7/2019,to-read,to-read (#4),to-read,,,,0,0
156775,Quarantine,Greg Egan,"Egan, Greg",,0061054232,9780061054235,0,3.9,HarperPrism,Paperback,280,1995,1992,,7/7/2019,to-read,to-read (#3),to-read,,,,0,0
13748038,Addiction by Design: Machine Gambling in Las Vegas,Natasha Dow Schüll,"Schüll, Natasha Dow",,0691127557,9780691127552,0,4.13,Princeton University Press,Hardcover,456,2012,2012,,7/7/2019,to-read,to-read (#2),to-read,,,,0,0
84119,"The Horse and His Boy (Chronicles of Narnia, #5)",C.S. Lewis,"Lewis, C.S.",,0439861365,9780439861366,5,3.91,Scholastic Inc,Paperback,224,1995,1954,,6/30/2019,,,read,,,,1,0
84367,"The Magician's Nephew (Chronicles of Narnia, #1)",C.S. Lewis,"Lewis, C.S.",,0590254758,9780590254755,5,4.05,Scholastic,Paperback,202,1995,1955,,6/30/2019,,,read,,,,1,0
214856,"Leven Thumps and the Gateway to Foo (Leven Thumps, #1)",Obert Skye,"Skye, Obert",,1416928065,9781416928065,3,3.74,Aladdin,Paperback,368,2006,2005,,3/16/2019,,,read,,,,1,0
8306745,"A World Without Heroes (Beyonders, #1)",Brandon Mull,"Mull, Brandon",,,,4,4.12,Aladdin,Hardcover,457,2011,2011,,3/16/2019,,,read,,,,1,0
31687423,"The Battlemage (Summoner, #3)",Taran Matharu,"Matharu, Taran",,,,4,4.31,Feiwel & Friends,Kindle Edition,352,2017,2017,,3/16/2019,,,read,,,,1,0
25689056,"The Inquisition (Summoner, #2)",Taran Matharu,"Matharu, Taran",,1250076315,9781250076311,4,4.32,Feiwel & Friends,Hardcover,368,2016,2016,,3/16/2019,,,read,,,,1,0
22297138,"The Novice (Summoner, #1)",Taran Matharu,"Matharu, Taran",,,,4,4.12,Feiwel and Friends,Kindle Edition,398,2015,2015,,3/16/2019,,,read,,,,1,0
18512,"The Return of the King (The Lord of the Rings, #3)",J.R.R. Tolkien,"Tolkien, J.R.R.",Maria Skibniewska,,,5,4.55,Del Rey,Mass Market Paperback,404,2003,1955,,3/16/2019,,,read,,,,1,0
15241,"The Two Towers (The Lord of the Rings, #2)",J.R.R. Tolkien,"Tolkien, J.R.R.","Peter S. Beagle, Дж.Р.Р. Толкін, Аліна Немірова, П. Риженко",0618346260,9780618346264,5,4.47,Houghton Mifflin,Paperback,322,2003,1954,,3/16/2019,,,read,,,,1,0
985630,"The Greatest War Stories Never Told: 100 Tales from Military History to Astonish, Bewilder, and Stupefy",Rick Beyer,"Beyer, Rick",,0060760176,9780060760175,3,3.75,Harper,Hardcover,224,2005,2005,,3/16/2019,,,read,,,,1,0
991312,"The Greatest Presidential Stories Never Told: 100 Tales from History to Astonish, Bewilder and Stupefy (The Greatest Stories Never Told)",Rick Beyer,"Beyer, Rick",,0060760184,9780060760182,3,3.81,Harper,Hardcover,214,2007,2007,,3/16/2019,,,read,,,,1,0
11206115,The Greatest Stories Never Told,Rick Beyer,"Beyer, Rick",,1606710605,9781606710609,4,3.79,MJF Books,Paperback,224,2010,2003,,3/16/2019,,,read,,,,1,0
11971544,"Inheritance, Or, The Vault Of Souls (The Inheritance Cycle, #4)",Christopher Paolini,"Paolini, Christopher",,0307930742,9780307930743,5,4.12,Alfred A. Knopf,Paperback,860,2011,2011,,3/16/2019,,,read,,,,1,0
2248573,"Brisingr (The Inheritance Cycle, #3)",Christopher Paolini,"Paolini, Christopher",,0375826726,9780375826726,5,4.07,Alfred A. Knopf,Hardcover,748,2008,2008,,3/16/2019,,,read,,,,1,0
17465470,The Royal Ranger (Ranger's Apprentice #12 Ranger's Apprentice: The Royal Ranger #1),John Flanagan,"Flanagan, John",,0399163603,9780399163609,5,4.26,Philomel Books,Hardcover,464,2013,2013,,3/16/2019,,,read,,,,1,0
11309018,"The Lost Stories (Ranger's Apprentice, #11)",John Flanagan,"Flanagan, John",,0399256180,9780399256189,4,4.27,Philomel,Hardcover,422,2011,2011,,3/16/2019,,,read,,,,1,0
8404519,The Emperor of Nihon-Ja (Ranger's Apprentice #10),John Flanagan,"Flanagan, John",,0399255001,9780399255007,5,4.42,Philomel Books,Hardcover,435,2011,2011,,3/16/2019,,,read,,,,1,0
39952016,"Halt's Peril (Ranger's Apprentice, #9)",John Flanagan,"Flanagan, John",,0142418587,9780142418581,4,4.39,Puffin Books,Paperback,416,2014,2009,,3/16/2019,,,read,,,,1,0
39920159,"The Kings of Clonmel (Ranger's Apprentice, #8)",John Flanagan,"Flanagan, John",,0142418579,9780142418574,5,4.3,Puffin Books,Paperback,400,2014,2008,,3/16/2019,,,read,,,,1,0
6719735,"Erak's Ransom (Ranger's Apprentice, #7)",John Flanagan,"Flanagan, John",,0399252053,9780399252051,5,4.33,Philomel Books,Hardcover,373,2010,2007,,3/16/2019,,,read,,,,1,0
1814843,"The Siege of Macindaw (Ranger's Apprentice, #6)",John Flanagan,"Flanagan, John",,174166134X,9781741661347,5,4.34,Puffin Books,Paperback,320,2006,2006,,3/16/2019,,,read,,,,1,0
2865228,"The Sorcerer of the North (Ranger's Apprentice, #5)",John Flanagan,"Flanagan, John",,0399250328,9780399250323,5,4.27,Viking Books for Young Readers,Hardcover,295,2008,2006,,3/16/2019,,,read,,,,1,0
41134360,Ranger's Apprentice: The Battle for Skandia (Ranger's Apprentice),John Flanagan,"Flanagan, John",,1436165369,9781436165365,5,4.35,Recorded Books,Preloaded Digital Audio Player,,,2006,,3/16/2019,,,read,,,,1,0
15748847,"The Icebound Land (Ranger's Apprentice, #3)",John Flanagan,"Flanagan, John",,0142410756,9780142410752,5,4.24,Puffin Books,Paperback,266,2008,2005,,3/16/2019,,,read,,,,1,0
2396395,The Burning Bridge,John Flanagan,"Flanagan, John",,0545044278,9780545044271,5,4.31,Penguin Group,Paperback,,2005,2005,,3/16/2019,,,read,,,,1,0
60400,"The Ruins of Gorlan (Ranger's Apprentice, #1)",John Flanagan,"Flanagan, John",,0142406635,9780142406632,4,4.24,Puffin Books,Paperback,249,2006,2004,,3/16/2019,,,read,,,,1,0
15841877,The Enchantress,Michael Scott,"Scott, Michael",,0385735367,9780385735360,5,4.24,Ember,Paperback,517,2013,2012,,3/16/2019,,,read,,,,1,0
3168250,The Alchemyst (The Secrets of the Immortal Nicholas Flamel #1),Michael Scott,"Scott, Michael",,0385736002,9780385736008,4,3.86,Ember,Paperback,369,2008,2007,,3/16/2019,,,read,,,,1,0
1127693,"Eldest (Inheritance, #2)",Christopher Paolini,"Paolini, Christopher",,0375926704,9780375926709,5,4.01,Alfred A. Knopf Books for Young Readers,Hardcover,681,2005,2005,,3/16/2019,,,read,,,,1,0
18667863,"Slaves of Socorro (Brotherband Chronicles, #4)",John Flanagan,"Flanagan, John",,0399163557,9780399163555,5,4.39,Philomel Books,Hardcover,462,2014,2014,,3/16/2019,,,read,,,,1,0
13589152,"The Hunters (Brotherband Chronicles, #3)",John Flanagan,"Flanagan, John",,0399256210,9780399256219,5,4.45,Philomel Books,Hardcover,403,2012,2012,,3/16/2019,,,read,,,,1,0
13003565,"The Invaders (Brotherband Chronicles, #2)",John Flanagan,"Flanagan, John",,0399256202,9780399256202,5,4.39,Philomel Books,Hardcover,429,2012,2012,,3/16/2019,,,read,,,,1,0
7090447,"The Red Pyramid (The Kane Chronicles, #1)",Rick Riordan,"Riordan, Rick",,1423113381,9781423113386,5,4.1,Disney-Hyperion,Hardcover,528,2010,2010,,3/16/2019,,,read,,,,1,0
29609072,Pavlov's Dog: Groundbreaking Experiments in Psychology,Adam Hart-Davis,"Hart-Davis, Adam",,1435161319,9781435161313,4,3.85,Metro Books,Hardcover,176,2015,2015,,3/16/2019,,,read,,,,1,0
2446384,The Phantom of the Opera,Dalmatian Press,"Press, Dalmatian",,1403739064,9781403739063,4,3.96,Dalmatian Press,Paperback,288,2007,1909,,3/16/2019,,,read,,,,1,0
968,"The Da Vinci Code (Robert Langdon, #2)",Dan Brown,"Brown, Dan",,,,3,3.89,Anchor,Paperback,489,2006,2003,,3/16/2019,,,read,,,,1,0
7243142,"Keys to the Demon Prison (Fablehaven, #5)",Brandon Mull,"Mull, Brandon",,1606412388,9781606412381,5,4.45,Shadow Mountain,Hardcover,593,2010,2010,,3/16/2019,,,read,,,,1,0
2146957,"Grip of the Shadow Plague (Fablehaven, #3)",Brandon Mull,"Mull, Brandon",,1590388984,9781590388983,5,4.29,Shadow Mountain,Hardcover,477,2008,2008,,3/16/2019,,,read,,,,1,0
784911,"Rise of the Evening Star (Fablehaven, #2)",Brandon Mull,"Mull, Brandon",,1590387422,9781590387429,5,4.17,Shadow Mountain,Hardcover,456,2007,2007,,3/16/2019,,,read,,,,1,0
44652,"Fablehaven (Fablehaven, #1)",Brandon Mull,"Mull, Brandon",,1590385810,9781590385814,5,4.12,Shadow Mountain,Hardcover,351,2006,2006,,3/16/2019,,,read,,,,1,0
18054017,"Catalyst (Insignia, #3)",S.J. Kincaid,"Kincaid, S.J.",,0062093053,9780062093059,5,4.39,Katherine Tegen Books,Hardcover,419,2014,2014,,3/16/2019,,,read,,,,1,0
16101515,"Vortex (Insignia, #2)",S.J. Kincaid,"Kincaid, S.J.",,0062093029,9780062093028,5,4.27,Katherine Tegen Books,Hardcover,390,2013,2013,,3/16/2019,,,read,,,,1,0
11115434,"Insignia (Insignia, #1)",S.J. Kincaid,"Kincaid, S.J.",,0062092995,9780062092991,5,4.15,Katherine Tegen Books,Hardcover,446,2012,2012,,3/16/2019,,,read,,,,1,0
32191710,Astrophysics for People in a Hurry,Neil deGrasse Tyson,"Tyson, Neil deGrasse",,0393609391,9780393609394,5,4.09,W. W. Norton  Company,Hardcover,223,2017,2017,,3/16/2019,,,read,,,,1,0
21413662,"What If? Serious Scientific Answers to Absurd Hypothetical Questions (What If?, #1)",Randall Munroe,"Munroe, Randall",,0544272994,9780544272996,5,4.14,Mariner Books,Hardcover,303,2014,2014,,3/16/2019,,,read,,,,1,0
3869,A Brief History of Time,Stephen Hawking,"Hawking, Stephen",,0553380168,9780553380163,0,4.2,Bantam Books,Paperback,213,1998,1988,,3/16/2019,to-read,to-read (#1),to-read,,,,0,0
8695,"The Restaurant at the End of the Universe (Hitchhiker's Guide to the Galaxy, #2)",Douglas Adams,"Adams, Douglas",,,,5,4.21,Del Rey,Paperback,250,2005,1980,,3/16/2019,,,read,,,,1,0
865,The Alchemist,Paulo Coelho,"Coelho, Paulo",Alan R. Clarke,0061122416,9780061122415,5,3.9,HarperCollins,Paperback,197,1993,1988,,3/16/2019,,,read,,,,1,0
136251,"Harry Potter and the Deathly Hallows (Harry Potter, #7)",J.K. Rowling,"Rowling, J.K.",,,,5,4.62,Arthur A. Levine Books,Hardcover,759,2007,2007,,3/16/2019,,,read,,,,1,0
8458018,"The Warlock (The Secrets of the Immortal Nicholas Flamel, #5)",Michael Scott,"Scott, Michael",,0385735332,9780385735339,5,4.18,Delacorte Press,Hardcover,400,2011,2011,,3/16/2019,,,read,,,,1,0
10551947,"The Outcasts (Brotherband Chronicles, #1)",John Flanagan,"Flanagan, John",Angelika Eisold-Viebig,0399256199,9780399256196,5,4.38,Philomel Books,Hardcover,434,2011,2011,,3/16/2019,,,read,,,,1,0
9067850,"The Throne of Fire (The Kane Chronicles, #2)",Rick Riordan,"Riordan, Rick",,1423140567,9781423140566,5,4.19,Hyperion Books for Children,Hardcover,452,2011,2011,,3/16/2019,,,read,,,,1,0
5217282,"Secrets of the Dragon Sanctuary (Fablehaven, #4)",Brandon Mull,"Mull, Brandon",,1606410423,9781606410424,5,4.38,Shadow Mountain,Hardcover,535,2009,2009,,3/16/2019,,,read,,,,1,0
3,"Harry Potter and the Sorcerer's Stone (Harry Potter, #1)",J.K. Rowling,"Rowling, J.K.",,,,5,4.47,Scholastic Inc,Hardcover,309,2003,1997,,3/16/2019,,,read,,,,1,0
113436,"Eragon (The Inheritance Cycle, #1)",Christopher Paolini,"Paolini, Christopher",,0375826696,9780375826696,5,3.93,Alfred A. Knopf,Paperback,503,2005,2002,,3/16/2019,,,read,,,,1,0
